Tweet URL,Sr. no,Username,Polygon Wallet Address,Note,TransactionURL,TxHash,Address exists on Polygon
https://twitter.com/enoch_app/status/1662209996598419457,1,https://twitter.com/00800aa,0x3540D804e6124757A49B805E944B48d14cb78B74,,https://polygonscan.com/tx/0xe15767a351ffde51f22b9023bc1b5a29fa2906a4b5e7ee153e51f38e07748693,0xe15767a351ffde51f22b9023bc1b5a29fa2906a4b5e7ee153e51f38e07748693,true
,2,https://twitter.com/LeifErikson_12,0xF448B9B8DEE4C3212f76CFB757B327dfe46E3C29,,https://polygonscan.com/tx/0xe15767a351ffde51f22b9023bc1b5a29fa2906a4b5e7ee153e51f38e07748693,0xe15767a351ffde51f22b9023bc1b5a29fa2906a4b5e7ee153e51f38e07748693,true
,3,https://twitter.com/ynxneural,0x78A04CbC4Ddee8451F1781A8D0890E34C4957231,,https://polygonscan.com/tx/0xe15767a351ffde51f22b9023bc1b5a29fa2906a4b5e7ee153e51f38e07748693,0xe15767a351ffde51f22b9023bc1b5a29fa2906a4b5e7ee153e51f38e07748693,true
,4,https://twitter.com/Balmon3006,0x1F40259F9735e22BDadFccc7cd997168D94def80,,https://polygonscan.com/tx/0xe15767a351ffde51f22b9023bc1b5a29fa2906a4b5e7ee153e51f38e07748693,0xe15767a351ffde51f22b9023bc1b5a29fa2906a4b5e7ee153e51f38e07748693,true
,5,https://twitter.com/polardalf,0xa669813D008217180Ba354a2f8Cfb687aEB6B344,,https://polygonscan.com/tx/0xe15767a351ffde51f22b9023bc1b5a29fa2906a4b5e7ee153e51f38e07748693,0xe15767a351ffde51f22b9023bc1b5a29fa2906a4b5e7ee153e51f38e07748693,true
,6,https://twitter.com/Invester779,0x3675f72503B4c611Cd88fC7b489ad5002DBeC032,,https://polygonscan.com/tx/0xe15767a351ffde51f22b9023bc1b5a29fa2906a4b5e7ee153e51f38e07748693,0xe15767a351ffde51f22b9023bc1b5a29fa2906a4b5e7ee153e51f38e07748693,true
,7,https://twitter.com/DiekMaulana2,0xec6C2c1eBAe8bcfC3B1CA110aA9837200720EDf3,,https://polygonscan.com/tx/0xe15767a351ffde51f22b9023bc1b5a29fa2906a4b5e7ee153e51f38e07748693,0xe15767a351ffde51f22b9023bc1b5a29fa2906a4b5e7ee153e51f38e07748693,true
,8,https://twitter.com/alexamir7122,0xD2aE233F2cBD3FC70AAB0a06C52B4Ebe21E96B5D,,https://polygonscan.com/tx/0xe15767a351ffde51f22b9023bc1b5a29fa2906a4b5e7ee153e51f38e07748693,0xe15767a351ffde51f22b9023bc1b5a29fa2906a4b5e7ee153e51f38e07748693,true
,9,https://twitter.com/joe_phv,0xe4DDF277f378ADf3B8288d2174f8C9769dd19cA4,,https://polygonscan.com/tx/0xe15767a351ffde51f22b9023bc1b5a29fa2906a4b5e7ee153e51f38e07748693,0xe15767a351ffde51f22b9023bc1b5a29fa2906a4b5e7ee153e51f38e07748693,true
,10,https://twitter.com/JinbeeiDragon,0x4b3CdC467e517Ef04F83Ea7C210810Cd41c28f29,,https://polygonscan.com/tx/0xe15767a351ffde51f22b9023bc1b5a29fa2906a4b5e7ee153e51f38e07748693,0xe15767a351ffde51f22b9023bc1b5a29fa2906a4b5e7ee153e51f38e07748693,true
,11,https://twitter.com/Jiwel94,0xCAeb672F845054045Fe37a24059B663108000d96,,https://polygonscan.com/tx/0xe15767a351ffde51f22b9023bc1b5a29fa2906a4b5e7ee153e51f38e07748693,0xe15767a351ffde51f22b9023bc1b5a29fa2906a4b5e7ee153e51f38e07748693,true
,12,https://twitter.com/Airdrop45_com,0x178A51dfE16be15AAA0ed75ECAa3cdaCc10198Dc,,https://polygonscan.com/tx/0xe15767a351ffde51f22b9023bc1b5a29fa2906a4b5e7ee153e51f38e07748693,0xe15767a351ffde51f22b9023bc1b5a29fa2906a4b5e7ee153e51f38e07748693,true
,13,https://twitter.com/yocobain,0xD0731858bE8968275756EafB07CeC10c5208e2F6,,https://polygonscan.com/tx/0xe15767a351ffde51f22b9023bc1b5a29fa2906a4b5e7ee153e51f38e07748693,0xe15767a351ffde51f22b9023bc1b5a29fa2906a4b5e7ee153e51f38e07748693,true
,14,https://twitter.com/blackcoffee_77,0xF02EcefC78A54E236bF1b41DCFc5aDde42D4EAaa,,https://polygonscan.com/tx/0xe15767a351ffde51f22b9023bc1b5a29fa2906a4b5e7ee153e51f38e07748693,0xe15767a351ffde51f22b9023bc1b5a29fa2906a4b5e7ee153e51f38e07748693,true
,15,https://twitter.com/Krypton1716,0x2601CF613f5B62239060D3C3F7E5e83b793B29Bf,,https://polygonscan.com/tx/0xe15767a351ffde51f22b9023bc1b5a29fa2906a4b5e7ee153e51f38e07748693,0xe15767a351ffde51f22b9023bc1b5a29fa2906a4b5e7ee153e51f38e07748693,true
,16,https://twitter.com/wongjawa2001,0xfb37e47107e343dd590a5550c5c6d86c8d0c4ff8,,https://polygonscan.com/tx/0xe15767a351ffde51f22b9023bc1b5a29fa2906a4b5e7ee153e51f38e07748693,0xe15767a351ffde51f22b9023bc1b5a29fa2906a4b5e7ee153e51f38e07748693,true
,17,https://twitter.com/Bowoganteng3433,0xD484C8aEB0032bC44A86A3564C7E1EdC4D5e7811,,https://polygonscan.com/tx/0xe15767a351ffde51f22b9023bc1b5a29fa2906a4b5e7ee153e51f38e07748693,0xe15767a351ffde51f22b9023bc1b5a29fa2906a4b5e7ee153e51f38e07748693,true
,18,https://twitter.com/rza088,0x7d3AA9A8306C5cDb760Dd635c2183b86aB07AD73,,https://polygonscan.com/tx/0xe15767a351ffde51f22b9023bc1b5a29fa2906a4b5e7ee153e51f38e07748693,0xe15767a351ffde51f22b9023bc1b5a29fa2906a4b5e7ee153e51f38e07748693,true
,19,https://twitter.com/Jepri039,0x6E06946fdAb94D74ee3daE6c628718D24b4D7261,,https://polygonscan.com/tx/0xe15767a351ffde51f22b9023bc1b5a29fa2906a4b5e7ee153e51f38e07748693,0xe15767a351ffde51f22b9023bc1b5a29fa2906a4b5e7ee153e51f38e07748693,true
,20,https://twitter.com/KuroAshi87,0x89548765fD74931AAC0a5b7e2a03f6d5d34A0A36,,https://polygonscan.com/tx/0xe15767a351ffde51f22b9023bc1b5a29fa2906a4b5e7ee153e51f38e07748693,0xe15767a351ffde51f22b9023bc1b5a29fa2906a4b5e7ee153e51f38e07748693,true
,21,https://twitter.com/Aliando714,0xcF61393d6809a2495Dc0292dE35a82715485bd33,,https://polygonscan.com/tx/0xe15767a351ffde51f22b9023bc1b5a29fa2906a4b5e7ee153e51f38e07748693,0xe15767a351ffde51f22b9023bc1b5a29fa2906a4b5e7ee153e51f38e07748693,true
,22,https://twitter.com/HodlNFT1K,0x46c6bCAb60fd4749eCAa31aee026a81f7b3EC93c,,https://polygonscan.com/tx/0xe15767a351ffde51f22b9023bc1b5a29fa2906a4b5e7ee153e51f38e07748693,0xe15767a351ffde51f22b9023bc1b5a29fa2906a4b5e7ee153e51f38e07748693,true
,23,https://twitter.com/monicautami10,0x88967579C7a1052FE7F576E72Ee7679019052471,,https://polygonscan.com/tx/0xe15767a351ffde51f22b9023bc1b5a29fa2906a4b5e7ee153e51f38e07748693,0xe15767a351ffde51f22b9023bc1b5a29fa2906a4b5e7ee153e51f38e07748693,true
,24,https://twitter.com/farahul7,0x2159026934b9B80a8B3C15E5D00073FD0fC97046,,https://polygonscan.com/tx/0xe15767a351ffde51f22b9023bc1b5a29fa2906a4b5e7ee153e51f38e07748693,0xe15767a351ffde51f22b9023bc1b5a29fa2906a4b5e7ee153e51f38e07748693,true
,25,https://twitter.com/SWK_BINNER,0x4a7dCbE526798C7339Fc063aC3D9EC91bf91b1aA,,https://polygonscan.com/tx/0xe15767a351ffde51f22b9023bc1b5a29fa2906a4b5e7ee153e51f38e07748693,0xe15767a351ffde51f22b9023bc1b5a29fa2906a4b5e7ee153e51f38e07748693,true
,26,https://twitter.com/RaffiPermana91,0xEAE5da3b4697b8EB8b43A572380113d346120f8c,,https://polygonscan.com/tx/0xe15767a351ffde51f22b9023bc1b5a29fa2906a4b5e7ee153e51f38e07748693,0xe15767a351ffde51f22b9023bc1b5a29fa2906a4b5e7ee153e51f38e07748693,true
,27,https://twitter.com/BK100BTC,0x629142a10bb81b01B7292E3d1E96e85E768A4d6d,,https://polygonscan.com/tx/0xe15767a351ffde51f22b9023bc1b5a29fa2906a4b5e7ee153e51f38e07748693,0xe15767a351ffde51f22b9023bc1b5a29fa2906a4b5e7ee153e51f38e07748693,true
,28,https://twitter.com/halog0512,0x45417E72B7358f10C428A4C79cc8D73Ae716Ad36,,https://polygonscan.com/tx/0xe15767a351ffde51f22b9023bc1b5a29fa2906a4b5e7ee153e51f38e07748693,0xe15767a351ffde51f22b9023bc1b5a29fa2906a4b5e7ee153e51f38e07748693,true
,29,https://twitter.com/donnysuhendraa,0x51894bAB233B03E89dbB037d36A7BB540B780cf4,,https://polygonscan.com/tx/0xe15767a351ffde51f22b9023bc1b5a29fa2906a4b5e7ee153e51f38e07748693,0xe15767a351ffde51f22b9023bc1b5a29fa2906a4b5e7ee153e51f38e07748693,true
,30,https://twitter.com/Heiyoogaslage,0x17a3c0603218C6eE680Ad0f1914D5C6A4d1c1D00,,https://polygonscan.com/tx/0xe15767a351ffde51f22b9023bc1b5a29fa2906a4b5e7ee153e51f38e07748693,0xe15767a351ffde51f22b9023bc1b5a29fa2906a4b5e7ee153e51f38e07748693,true
,31,https://twitter.com/Chiacha02672401,0xb640eB7d7ac4EaBf124880860cc90729c3868ee5,,https://polygonscan.com/tx/0xe15767a351ffde51f22b9023bc1b5a29fa2906a4b5e7ee153e51f38e07748693,0xe15767a351ffde51f22b9023bc1b5a29fa2906a4b5e7ee153e51f38e07748693,true
,32,https://twitter.com/CashBond2,0xebE2101d6eCD21F8ACd36151CE1D159b1F9AB8F0,,https://polygonscan.com/tx/0xe15767a351ffde51f22b9023bc1b5a29fa2906a4b5e7ee153e51f38e07748693,0xe15767a351ffde51f22b9023bc1b5a29fa2906a4b5e7ee153e51f38e07748693,true
,33,https://twitter.com/Bahar9871,0xd57a853BBF2e81d29f38eB854cAE8943ABE3A499,,https://polygonscan.com/tx/0xe15767a351ffde51f22b9023bc1b5a29fa2906a4b5e7ee153e51f38e07748693,0xe15767a351ffde51f22b9023bc1b5a29fa2906a4b5e7ee153e51f38e07748693,true
,34,https://twitter.com/syahrilrad13,0x70608baeA8B867DFdDd2AB81cb27d1BFBA0e1A0B,,https://polygonscan.com/tx/0xe15767a351ffde51f22b9023bc1b5a29fa2906a4b5e7ee153e51f38e07748693,0xe15767a351ffde51f22b9023bc1b5a29fa2906a4b5e7ee153e51f38e07748693,true
,35,https://twitter.com/Nauraviona148,0xd25b8dF15b013655423B45A5C883aD4E62aB894e,,https://polygonscan.com/tx/0xe15767a351ffde51f22b9023bc1b5a29fa2906a4b5e7ee153e51f38e07748693,0xe15767a351ffde51f22b9023bc1b5a29fa2906a4b5e7ee153e51f38e07748693,true
,36,https://twitter.com/faizakbar135305,0x88F1718C82216DfDEa373aB8cB56B61B1e91ff22,,https://polygonscan.com/tx/0xe15767a351ffde51f22b9023bc1b5a29fa2906a4b5e7ee153e51f38e07748693,0xe15767a351ffde51f22b9023bc1b5a29fa2906a4b5e7ee153e51f38e07748693,true
,37,https://twitter.com/aghsunn,0xBf2Cd77ab16b59e7EfC5229EBCd04DfD1e3982D6,,https://polygonscan.com/tx/0xe15767a351ffde51f22b9023bc1b5a29fa2906a4b5e7ee153e51f38e07748693,0xe15767a351ffde51f22b9023bc1b5a29fa2906a4b5e7ee153e51f38e07748693,true
,38,https://twitter.com/teguhsantoso04,0xdcbfCBb7988f36Fab77093DF376b816Ec9Ca01F8,,https://polygonscan.com/tx/0xe15767a351ffde51f22b9023bc1b5a29fa2906a4b5e7ee153e51f38e07748693,0xe15767a351ffde51f22b9023bc1b5a29fa2906a4b5e7ee153e51f38e07748693,true
,39,https://twitter.com/osi89715024,0x8C78F5C65256f23b65a7c843684Ac5cECf5D1BAb,,https://polygonscan.com/tx/0xe15767a351ffde51f22b9023bc1b5a29fa2906a4b5e7ee153e51f38e07748693,0xe15767a351ffde51f22b9023bc1b5a29fa2906a4b5e7ee153e51f38e07748693,true
,40,https://twitter.com/0xzero1910,0x3F4A8f9f7E8E4125B0F8e9F2992410D806A40a61,,https://polygonscan.com/tx/0xe15767a351ffde51f22b9023bc1b5a29fa2906a4b5e7ee153e51f38e07748693,0xe15767a351ffde51f22b9023bc1b5a29fa2906a4b5e7ee153e51f38e07748693,true
,41,https://twitter.com/beryhuja11,0xeBE68ECFF34a5359D31E529465C8a096B5f549b5,,https://polygonscan.com/tx/0xe15767a351ffde51f22b9023bc1b5a29fa2906a4b5e7ee153e51f38e07748693,0xe15767a351ffde51f22b9023bc1b5a29fa2906a4b5e7ee153e51f38e07748693,true
,42,https://twitter.com/Bangun_dedi,0x53f5b0BD0085A27E0aD5011A01e70d1806D9b32B,,https://polygonscan.com/tx/0xe15767a351ffde51f22b9023bc1b5a29fa2906a4b5e7ee153e51f38e07748693,0xe15767a351ffde51f22b9023bc1b5a29fa2906a4b5e7ee153e51f38e07748693,true
,43,https://twitter.com/nimophv_,0x9D56fd2A3548D9217a9531dEA1Fb8041dAca7108,,https://polygonscan.com/tx/0xe15767a351ffde51f22b9023bc1b5a29fa2906a4b5e7ee153e51f38e07748693,0xe15767a351ffde51f22b9023bc1b5a29fa2906a4b5e7ee153e51f38e07748693,true
,44,https://twitter.com/Hiyaaahhh1,0xC787E50BdC897E4faF9337468080E4f78ad6D171,,https://polygonscan.com/tx/0xe15767a351ffde51f22b9023bc1b5a29fa2906a4b5e7ee153e51f38e07748693,0xe15767a351ffde51f22b9023bc1b5a29fa2906a4b5e7ee153e51f38e07748693,true
,45,https://twitter.com/saila_20,0x1A8537b57E8A06Bc38D5eD73358B8fCD0e99007D,,https://polygonscan.com/tx/0xe15767a351ffde51f22b9023bc1b5a29fa2906a4b5e7ee153e51f38e07748693,0xe15767a351ffde51f22b9023bc1b5a29fa2906a4b5e7ee153e51f38e07748693,true
,46,https://twitter.com/TuyulAlbino2,0x5dB40476FAD2d1aa9faf76bD81d8BF27247A67Ea,,https://polygonscan.com/tx/0xe15767a351ffde51f22b9023bc1b5a29fa2906a4b5e7ee153e51f38e07748693,0xe15767a351ffde51f22b9023bc1b5a29fa2906a4b5e7ee153e51f38e07748693,true
,47,https://twitter.com/Pixeliioo,0x52675C04Efa84062076b754d6acABbeCa6C5FF1B,,https://polygonscan.com/tx/0xe15767a351ffde51f22b9023bc1b5a29fa2906a4b5e7ee153e51f38e07748693,0xe15767a351ffde51f22b9023bc1b5a29fa2906a4b5e7ee153e51f38e07748693,true
,48,https://twitter.com/umamtanjiro,0x2B59bb1217beBaD0D27D38d6B4f2d5aB8B375382,,https://polygonscan.com/tx/0xe15767a351ffde51f22b9023bc1b5a29fa2906a4b5e7ee153e51f38e07748693,0xe15767a351ffde51f22b9023bc1b5a29fa2906a4b5e7ee153e51f38e07748693,true
,49,https://twitter.com/rioramadan346,0xF87869120b4deF58BC0Ec687054c46280584427a,,https://polygonscan.com/tx/0xe15767a351ffde51f22b9023bc1b5a29fa2906a4b5e7ee153e51f38e07748693,0xe15767a351ffde51f22b9023bc1b5a29fa2906a4b5e7ee153e51f38e07748693,true
,50,https://twitter.com/airdroppemula18,0x0250d876285C2F853E96882Ea42bef54F6A52114,,https://polygonscan.com/tx/0xe15767a351ffde51f22b9023bc1b5a29fa2906a4b5e7ee153e51f38e07748693,0xe15767a351ffde51f22b9023bc1b5a29fa2906a4b5e7ee153e51f38e07748693,true
,51,https://twitter.com/Todorookie11,0x837D2eb1Dad2B07739fe93A68fFb535a5dC28461,,https://polygonscan.com/tx/0xe15767a351ffde51f22b9023bc1b5a29fa2906a4b5e7ee153e51f38e07748693,0xe15767a351ffde51f22b9023bc1b5a29fa2906a4b5e7ee153e51f38e07748693,true
,52,https://twitter.com/BinaneF,0x04761D87EFfEb85EFcb5B256dE36bf9Dd36F98b6,,https://polygonscan.com/tx/0xe15767a351ffde51f22b9023bc1b5a29fa2906a4b5e7ee153e51f38e07748693,0xe15767a351ffde51f22b9023bc1b5a29fa2906a4b5e7ee153e51f38e07748693,true
,53,https://twitter.com/alfatmaghribi2,0x8b920741d1d0d019fC093e8d9f2392636639FB31,,https://polygonscan.com/tx/0xe15767a351ffde51f22b9023bc1b5a29fa2906a4b5e7ee153e51f38e07748693,0xe15767a351ffde51f22b9023bc1b5a29fa2906a4b5e7ee153e51f38e07748693,true
,54,https://twitter.com/LisaKin78,0xd2367b953Ded9DA32F7b3Af13978743e60754340,,https://polygonscan.com/tx/0xe15767a351ffde51f22b9023bc1b5a29fa2906a4b5e7ee153e51f38e07748693,0xe15767a351ffde51f22b9023bc1b5a29fa2906a4b5e7ee153e51f38e07748693,true
,55,https://twitter.com/KezoAslan,0x1B51f11461b5DDc5422eabb33d3418D841402ED8,,https://polygonscan.com/tx/0xe15767a351ffde51f22b9023bc1b5a29fa2906a4b5e7ee153e51f38e07748693,0xe15767a351ffde51f22b9023bc1b5a29fa2906a4b5e7ee153e51f38e07748693,true
,56,https://twitter.com/ronalagustian86,0x0Fb62552AcA4A1A637e63B8C7567E689B8325F26,,https://polygonscan.com/tx/0xe15767a351ffde51f22b9023bc1b5a29fa2906a4b5e7ee153e51f38e07748693,0xe15767a351ffde51f22b9023bc1b5a29fa2906a4b5e7ee153e51f38e07748693,true
,57,https://twitter.com/orenk806,0x7317235a0B109da6fD094889b6C5E22a73eA7053,,https://polygonscan.com/tx/0xe15767a351ffde51f22b9023bc1b5a29fa2906a4b5e7ee153e51f38e07748693,0xe15767a351ffde51f22b9023bc1b5a29fa2906a4b5e7ee153e51f38e07748693,true
,58,https://twitter.com/DGwyn18,0x0d360B6951fABe4FEF3CE34fbf59FE4f8c1bEF4E,,https://polygonscan.com/tx/0xe15767a351ffde51f22b9023bc1b5a29fa2906a4b5e7ee153e51f38e07748693,0xe15767a351ffde51f22b9023bc1b5a29fa2906a4b5e7ee153e51f38e07748693,true
,59,https://twitter.com/aldibarak01,0xbb696177C7e94De6Ec034E5cb780574416442487,,https://polygonscan.com/tx/0xe15767a351ffde51f22b9023bc1b5a29fa2906a4b5e7ee153e51f38e07748693,0xe15767a351ffde51f22b9023bc1b5a29fa2906a4b5e7ee153e51f38e07748693,true
,60,https://twitter.com/DediTriyanto06,0xd92e5473FCD2e14Db8D52c39E07d434B8bB6D8c2,,https://polygonscan.com/tx/0xe15767a351ffde51f22b9023bc1b5a29fa2906a4b5e7ee153e51f38e07748693,0xe15767a351ffde51f22b9023bc1b5a29fa2906a4b5e7ee153e51f38e07748693,true
,61,https://twitter.com/KD_Huy,0x26ecA31d972be5Eb7676c61D372f9F2d0575b66C,,https://polygonscan.com/tx/0xe15767a351ffde51f22b9023bc1b5a29fa2906a4b5e7ee153e51f38e07748693,0xe15767a351ffde51f22b9023bc1b5a29fa2906a4b5e7ee153e51f38e07748693,true
,62,https://twitter.com/aryautfi,0x6BDE94a3ccfB8d19697937308B8a45039E64D9eF,,https://polygonscan.com/tx/0xe15767a351ffde51f22b9023bc1b5a29fa2906a4b5e7ee153e51f38e07748693,0xe15767a351ffde51f22b9023bc1b5a29fa2906a4b5e7ee153e51f38e07748693,true
,63,https://twitter.com/Suara26,0x6Dd9D1e0acE2bc5802e13D1BCCA2016C8161f219,,https://polygonscan.com/tx/0xe15767a351ffde51f22b9023bc1b5a29fa2906a4b5e7ee153e51f38e07748693,0xe15767a351ffde51f22b9023bc1b5a29fa2906a4b5e7ee153e51f38e07748693,true
,64,https://twitter.com/belachrsma06,0x98ea8Fc775214635b0aCcF3B9f5Bd32Ec88Eb8b5,,https://polygonscan.com/tx/0xe15767a351ffde51f22b9023bc1b5a29fa2906a4b5e7ee153e51f38e07748693,0xe15767a351ffde51f22b9023bc1b5a29fa2906a4b5e7ee153e51f38e07748693,true
,65,https://twitter.com/asukakawazuu,0x00FcD69431A0F746Ee3eCf1Fd026EDE9D6DA6Bc3,,https://polygonscan.com/tx/0xe15767a351ffde51f22b9023bc1b5a29fa2906a4b5e7ee153e51f38e07748693,0xe15767a351ffde51f22b9023bc1b5a29fa2906a4b5e7ee153e51f38e07748693,true
,66,https://twitter.com/isanmarks,0x4caB8f9E4323d1017B6fE9F292D8cEc472D368d6,,https://polygonscan.com/tx/0xe15767a351ffde51f22b9023bc1b5a29fa2906a4b5e7ee153e51f38e07748693,0xe15767a351ffde51f22b9023bc1b5a29fa2906a4b5e7ee153e51f38e07748693,true
,67,https://twitter.com/vlashyumic,0x4ff8888cC2809FF952Fd236904Ee58295deF6224,,https://polygonscan.com/tx/0xe15767a351ffde51f22b9023bc1b5a29fa2906a4b5e7ee153e51f38e07748693,0xe15767a351ffde51f22b9023bc1b5a29fa2906a4b5e7ee153e51f38e07748693,true
,68,https://twitter.com/alungtbh,0x4F97A3aa19d2a274a96D67B8777F72cc526F3f4c,,https://polygonscan.com/tx/0xe15767a351ffde51f22b9023bc1b5a29fa2906a4b5e7ee153e51f38e07748693,0xe15767a351ffde51f22b9023bc1b5a29fa2906a4b5e7ee153e51f38e07748693,true
,69,https://twitter.com/TahuGej89594566,0xc35E6c220F1a1802A995C0929a92b61E5beeBcAE,,https://polygonscan.com/tx/0xe15767a351ffde51f22b9023bc1b5a29fa2906a4b5e7ee153e51f38e07748693,0xe15767a351ffde51f22b9023bc1b5a29fa2906a4b5e7ee153e51f38e07748693,true
,70,https://twitter.com/adambinsmith,0xDe1D56c3Dc487A4e004293CD5912f455Ba64CE44,,https://polygonscan.com/tx/0xe15767a351ffde51f22b9023bc1b5a29fa2906a4b5e7ee153e51f38e07748693,0xe15767a351ffde51f22b9023bc1b5a29fa2906a4b5e7ee153e51f38e07748693,true
,71,https://twitter.com/EwokJajang,0x3657fa84571F0a37942F63b7F8eB35A02f0fdB83,,https://polygonscan.com/tx/0xe15767a351ffde51f22b9023bc1b5a29fa2906a4b5e7ee153e51f38e07748693,0xe15767a351ffde51f22b9023bc1b5a29fa2906a4b5e7ee153e51f38e07748693,true
,72,https://twitter.com/dlgmbk,0xDCF9225b0aFa7144dEe78B07028CAe0E89deA49a,,https://polygonscan.com/tx/0xe15767a351ffde51f22b9023bc1b5a29fa2906a4b5e7ee153e51f38e07748693,0xe15767a351ffde51f22b9023bc1b5a29fa2906a4b5e7ee153e51f38e07748693,true
,73,https://twitter.com/TBSquad1,0x31E0D5ac8094e60443e41Ed1F4bCc5014E01Ed1E,,https://polygonscan.com/tx/0xe15767a351ffde51f22b9023bc1b5a29fa2906a4b5e7ee153e51f38e07748693,0xe15767a351ffde51f22b9023bc1b5a29fa2906a4b5e7ee153e51f38e07748693,true
,74,https://twitter.com/cintaku487,0x4b6b4fD3ca97bB6A60763fdaa5Be93f4A6965c2A,,https://polygonscan.com/tx/0xe15767a351ffde51f22b9023bc1b5a29fa2906a4b5e7ee153e51f38e07748693,0xe15767a351ffde51f22b9023bc1b5a29fa2906a4b5e7ee153e51f38e07748693,true
,75,https://twitter.com/tonalaconic028,0x2697c50BD5D03F4752BdDA7e454A4818A5beD1Ec,,https://polygonscan.com/tx/0xe15767a351ffde51f22b9023bc1b5a29fa2906a4b5e7ee153e51f38e07748693,0xe15767a351ffde51f22b9023bc1b5a29fa2906a4b5e7ee153e51f38e07748693,true
,76,https://twitter.com/HapeAnyar11,0x2d54a6128fB018c8ceCa8828FCF2dF2D674bA96b,,https://polygonscan.com/tx/0xe15767a351ffde51f22b9023bc1b5a29fa2906a4b5e7ee153e51f38e07748693,0xe15767a351ffde51f22b9023bc1b5a29fa2906a4b5e7ee153e51f38e07748693,true
,77,https://twitter.com/farhanoglu,0x98695871A0918156b18a4E38a8B4C57E5F538f70,,https://polygonscan.com/tx/0xe15767a351ffde51f22b9023bc1b5a29fa2906a4b5e7ee153e51f38e07748693,0xe15767a351ffde51f22b9023bc1b5a29fa2906a4b5e7ee153e51f38e07748693,true
,78,https://twitter.com/farisnur69,0x4F1a78e60F4c7F30ed6364742a88F4f8c2e2D68B,,https://polygonscan.com/tx/0xe15767a351ffde51f22b9023bc1b5a29fa2906a4b5e7ee153e51f38e07748693,0xe15767a351ffde51f22b9023bc1b5a29fa2906a4b5e7ee153e51f38e07748693,true
,79,https://twitter.com/ohex00,0x5AEbf6f6E5b9418795E724b6FE83C1eD71c0A28a,,https://polygonscan.com/tx/0xe15767a351ffde51f22b9023bc1b5a29fa2906a4b5e7ee153e51f38e07748693,0xe15767a351ffde51f22b9023bc1b5a29fa2906a4b5e7ee153e51f38e07748693,true
,80,https://twitter.com/Faaizin_GP_97,0x0007f506F29284eCe3a693C41871485f10e6382F,,https://polygonscan.com/tx/0xe15767a351ffde51f22b9023bc1b5a29fa2906a4b5e7ee153e51f38e07748693,0xe15767a351ffde51f22b9023bc1b5a29fa2906a4b5e7ee153e51f38e07748693,true
,81,https://twitter.com/Rayman71677,0x084DBe6918e69a25BC1471fcBA03392ba77D7903,,https://polygonscan.com/tx/0xe15767a351ffde51f22b9023bc1b5a29fa2906a4b5e7ee153e51f38e07748693,0xe15767a351ffde51f22b9023bc1b5a29fa2906a4b5e7ee153e51f38e07748693,true
,82,https://twitter.com/arifhuf,0x8325e59EA5dBA408109d54d9C443e7984118ea5d,,https://polygonscan.com/tx/0xe15767a351ffde51f22b9023bc1b5a29fa2906a4b5e7ee153e51f38e07748693,0xe15767a351ffde51f22b9023bc1b5a29fa2906a4b5e7ee153e51f38e07748693,true
,83,https://twitter.com/LauraAndreu889,0x0a3Af60c1CC05737447B5471824b38679F06b4A3,,https://polygonscan.com/tx/0xe15767a351ffde51f22b9023bc1b5a29fa2906a4b5e7ee153e51f38e07748693,0xe15767a351ffde51f22b9023bc1b5a29fa2906a4b5e7ee153e51f38e07748693,true
,84,https://twitter.com/PegasusTrash,0x53CE838d63763Cf6272B22EbB8C56feff775d983,,https://polygonscan.com/tx/0xe15767a351ffde51f22b9023bc1b5a29fa2906a4b5e7ee153e51f38e07748693,0xe15767a351ffde51f22b9023bc1b5a29fa2906a4b5e7ee153e51f38e07748693,true
,85,https://twitter.com/WawanWnn,0x7c872fF85cF377741a52dB0Eb5cbEF369b3712d7,,https://polygonscan.com/tx/0xe15767a351ffde51f22b9023bc1b5a29fa2906a4b5e7ee153e51f38e07748693,0xe15767a351ffde51f22b9023bc1b5a29fa2906a4b5e7ee153e51f38e07748693,true
,86,https://twitter.com/win_maneh,0xFE334B9d850C671144A5F6ac2562e5b03ab25273,,https://polygonscan.com/tx/0xe15767a351ffde51f22b9023bc1b5a29fa2906a4b5e7ee153e51f38e07748693,0xe15767a351ffde51f22b9023bc1b5a29fa2906a4b5e7ee153e51f38e07748693,true
,87,https://twitter.com/Ayu49017452,0x8907fe46b409BaFCDA2DDcb7aBF281C2889990Bc,,https://polygonscan.com/tx/0xe15767a351ffde51f22b9023bc1b5a29fa2906a4b5e7ee153e51f38e07748693,0xe15767a351ffde51f22b9023bc1b5a29fa2906a4b5e7ee153e51f38e07748693,true
,88,https://twitter.com/roohenk8,0xA893dc5C6E20F0762138614cf45ecb2D4C673f9f,,https://polygonscan.com/tx/0xe15767a351ffde51f22b9023bc1b5a29fa2906a4b5e7ee153e51f38e07748693,0xe15767a351ffde51f22b9023bc1b5a29fa2906a4b5e7ee153e51f38e07748693,true
,89,https://twitter.com/IlhamNursidik5,0x715eB0df22506adE8d5DD5D89fF9caFFbE3Ec75D,,https://polygonscan.com/tx/0xe15767a351ffde51f22b9023bc1b5a29fa2906a4b5e7ee153e51f38e07748693,0xe15767a351ffde51f22b9023bc1b5a29fa2906a4b5e7ee153e51f38e07748693,true
,90,https://twitter.com/JohnCohen207,0xadeD01d00c81b8b1369DF005079d7ACD7E3B3578,,https://polygonscan.com/tx/0xe15767a351ffde51f22b9023bc1b5a29fa2906a4b5e7ee153e51f38e07748693,0xe15767a351ffde51f22b9023bc1b5a29fa2906a4b5e7ee153e51f38e07748693,true
,91,https://twitter.com/SaKsham10902765,0xA23bCfeb8E6515c67C9BF5F7A19e725AA1B10c81,,https://polygonscan.com/tx/0xe15767a351ffde51f22b9023bc1b5a29fa2906a4b5e7ee153e51f38e07748693,0xe15767a351ffde51f22b9023bc1b5a29fa2906a4b5e7ee153e51f38e07748693,true
,92,https://twitter.com/Seigong2,0xcccE685A3A7215CF9Becda440ca3b6A5D2858724,,https://polygonscan.com/tx/0xe15767a351ffde51f22b9023bc1b5a29fa2906a4b5e7ee153e51f38e07748693,0xe15767a351ffde51f22b9023bc1b5a29fa2906a4b5e7ee153e51f38e07748693,true
,93,https://twitter.com/IIreneGodredd,0x23d5B1cc2b0B425139E8FC80e30B857c8bBeF4C7,,https://polygonscan.com/tx/0xe15767a351ffde51f22b9023bc1b5a29fa2906a4b5e7ee153e51f38e07748693,0xe15767a351ffde51f22b9023bc1b5a29fa2906a4b5e7ee153e51f38e07748693,true
,94,https://twitter.com/tinaverlisa,0xd70975CF41563EF10089da0F051bdA22109275e6,,https://polygonscan.com/tx/0xe15767a351ffde51f22b9023bc1b5a29fa2906a4b5e7ee153e51f38e07748693,0xe15767a351ffde51f22b9023bc1b5a29fa2906a4b5e7ee153e51f38e07748693,true
,95,https://twitter.com/AngpauUtas,0x31C9098Eb38c981d464Fa7db57664CE55e39FBeC,,https://polygonscan.com/tx/0xe15767a351ffde51f22b9023bc1b5a29fa2906a4b5e7ee153e51f38e07748693,0xe15767a351ffde51f22b9023bc1b5a29fa2906a4b5e7ee153e51f38e07748693,true
,96,https://twitter.com/Ratiban5,0xFbC251768fF2085b464c38Ef6c456F5D510231F4,,https://polygonscan.com/tx/0xe15767a351ffde51f22b9023bc1b5a29fa2906a4b5e7ee153e51f38e07748693,0xe15767a351ffde51f22b9023bc1b5a29fa2906a4b5e7ee153e51f38e07748693,true
,97,https://twitter.com/MDFK077,0x538Da6b2B786c75E135794aC377947Af41841d0a,,https://polygonscan.com/tx/0xe15767a351ffde51f22b9023bc1b5a29fa2906a4b5e7ee153e51f38e07748693,0xe15767a351ffde51f22b9023bc1b5a29fa2906a4b5e7ee153e51f38e07748693,true
,98,https://twitter.com/ezi_fernando,0x00c97CD6FdF5aeDd1f397Fb7D0b9510D91660b00,,https://polygonscan.com/tx/0xe15767a351ffde51f22b9023bc1b5a29fa2906a4b5e7ee153e51f38e07748693,0xe15767a351ffde51f22b9023bc1b5a29fa2906a4b5e7ee153e51f38e07748693,true
,99,https://twitter.com/jokelord50,0x95BDE258aEeE91D795aAB39da63B783eFFc32579,,https://polygonscan.com/tx/0xe15767a351ffde51f22b9023bc1b5a29fa2906a4b5e7ee153e51f38e07748693,0xe15767a351ffde51f22b9023bc1b5a29fa2906a4b5e7ee153e51f38e07748693,true
,100,https://twitter.com/cedepalmer292,0x982995d9ef52b3c11d03e4395cf99e53d3829f0f,,https://polygonscan.com/tx/0x9127bf8e1b5fa18fea1b7d8ca77239509591f7c3ce2c6614538b74a38a479a4a,0x9127bf8e1b5fa18fea1b7d8ca77239509591f7c3ce2c6614538b74a38a479a4a,true
,101,https://twitter.com/boyphv,0x32Acde73F7d84CBde9c78B722A717C5bd11ea47B,,https://polygonscan.com/tx/0x9127bf8e1b5fa18fea1b7d8ca77239509591f7c3ce2c6614538b74a38a479a4a,0x9127bf8e1b5fa18fea1b7d8ca77239509591f7c3ce2c6614538b74a38a479a4a,true
,102,https://twitter.com/yaalatif_ya,0x22A9C2B95f76174bE8e6a08c5B154bBaFe6Bac84,,https://polygonscan.com/tx/0x9127bf8e1b5fa18fea1b7d8ca77239509591f7c3ce2c6614538b74a38a479a4a,0x9127bf8e1b5fa18fea1b7d8ca77239509591f7c3ce2c6614538b74a38a479a4a,true
,103,https://twitter.com/bangbewok99,0x1569241Fbc8A7e705dab4E1E3df5159a867D76Ad,,https://polygonscan.com/tx/0x9127bf8e1b5fa18fea1b7d8ca77239509591f7c3ce2c6614538b74a38a479a4a,0x9127bf8e1b5fa18fea1b7d8ca77239509591f7c3ce2c6614538b74a38a479a4a,true
,104,https://twitter.com/Blackfromjava,0xCfB73053a573720Ef56d59a3F58F7F3d014d8D17,,https://polygonscan.com/tx/0x9127bf8e1b5fa18fea1b7d8ca77239509591f7c3ce2c6614538b74a38a479a4a,0x9127bf8e1b5fa18fea1b7d8ca77239509591f7c3ce2c6614538b74a38a479a4a,true
,105,https://twitter.com/Tekong00,0xDcc361dC64224323145B84529504999c18030da4,,https://polygonscan.com/tx/0x9127bf8e1b5fa18fea1b7d8ca77239509591f7c3ce2c6614538b74a38a479a4a,0x9127bf8e1b5fa18fea1b7d8ca77239509591f7c3ce2c6614538b74a38a479a4a,true
,106,https://twitter.com/hovinnz,0x11fe79D440bCF526968b5Dc105139630AB5e7dEB,,https://polygonscan.com/tx/0x9127bf8e1b5fa18fea1b7d8ca77239509591f7c3ce2c6614538b74a38a479a4a,0x9127bf8e1b5fa18fea1b7d8ca77239509591f7c3ce2c6614538b74a38a479a4a,true
,107,https://twitter.com/Billysa12223416,0xAE9A5D8Fa0D4b23a2c085DAF5FAa20fae9254422,,https://polygonscan.com/tx/0x9127bf8e1b5fa18fea1b7d8ca77239509591f7c3ce2c6614538b74a38a479a4a,0x9127bf8e1b5fa18fea1b7d8ca77239509591f7c3ce2c6614538b74a38a479a4a,true
,108,@karimasuci1995,0x93AED7259Dc904aF00f671fAA9f3128F8A66f9Ca,,https://polygonscan.com/tx/0x9127bf8e1b5fa18fea1b7d8ca77239509591f7c3ce2c6614538b74a38a479a4a,0x9127bf8e1b5fa18fea1b7d8ca77239509591f7c3ce2c6614538b74a38a479a4a,true
,109,https://twitter.com/garutid990,0x71730C6614322F130C496Bfea2c53C02699E0B66,,https://polygonscan.com/tx/0x9127bf8e1b5fa18fea1b7d8ca77239509591f7c3ce2c6614538b74a38a479a4a,0x9127bf8e1b5fa18fea1b7d8ca77239509591f7c3ce2c6614538b74a38a479a4a,true
,110,https://twitter.com/AdriAldiansah,0x9Eb2B83e267d5621a5a87cFC953e3c860d2dccA6,,https://polygonscan.com/tx/0x9127bf8e1b5fa18fea1b7d8ca77239509591f7c3ce2c6614538b74a38a479a4a,0x9127bf8e1b5fa18fea1b7d8ca77239509591f7c3ce2c6614538b74a38a479a4a,true
,111,https://twitter.com/detektifyoga,0xd08e9ca1642396630992B15468C4Cd90f0C195a6,,https://polygonscan.com/tx/0x9127bf8e1b5fa18fea1b7d8ca77239509591f7c3ce2c6614538b74a38a479a4a,0x9127bf8e1b5fa18fea1b7d8ca77239509591f7c3ce2c6614538b74a38a479a4a,true
,112,https://twitter.com/Ism990,0xb4194493555C2C118b495c570575877854F6cc72,,https://polygonscan.com/tx/0x9127bf8e1b5fa18fea1b7d8ca77239509591f7c3ce2c6614538b74a38a479a4a,0x9127bf8e1b5fa18fea1b7d8ca77239509591f7c3ce2c6614538b74a38a479a4a,true
,113,https://twitter.com/newandaekey,0x88b46EE595bDeDb67fBB9ee9B2Fb9939e8EE0802,,https://polygonscan.com/tx/0x9127bf8e1b5fa18fea1b7d8ca77239509591f7c3ce2c6614538b74a38a479a4a,0x9127bf8e1b5fa18fea1b7d8ca77239509591f7c3ce2c6614538b74a38a479a4a,true
,114,https://twitter.com/muny99910260,0x2bf6Ba68aE0385930bc2Cb254582eFA12315867C,,https://polygonscan.com/tx/0x9127bf8e1b5fa18fea1b7d8ca77239509591f7c3ce2c6614538b74a38a479a4a,0x9127bf8e1b5fa18fea1b7d8ca77239509591f7c3ce2c6614538b74a38a479a4a,true
,115,https://twitter.com/NaylaMutira,0xAFcB24c23810E5169030ccdF8B7d55C9a430642F,,https://polygonscan.com/tx/0x9127bf8e1b5fa18fea1b7d8ca77239509591f7c3ce2c6614538b74a38a479a4a,0x9127bf8e1b5fa18fea1b7d8ca77239509591f7c3ce2c6614538b74a38a479a4a,true
,116,https://twitter.com/byeFriday07497,0xeFAc3e12c67C9c3c07674b295b889a617e36f534,,https://polygonscan.com/tx/0x9127bf8e1b5fa18fea1b7d8ca77239509591f7c3ce2c6614538b74a38a479a4a,0x9127bf8e1b5fa18fea1b7d8ca77239509591f7c3ce2c6614538b74a38a479a4a,true
,117,https://twitter.com/jurez_kasparov,0xc573e8f7Eaf25B7A8cCF2ce470df5880Bcc81744,,https://polygonscan.com/tx/0x9127bf8e1b5fa18fea1b7d8ca77239509591f7c3ce2c6614538b74a38a479a4a,0x9127bf8e1b5fa18fea1b7d8ca77239509591f7c3ce2c6614538b74a38a479a4a,true
,118,https://twitter.com/czesmaill,0x08A0ca07fA580472979415AD7EA75094c9a90CcB,,https://polygonscan.com/tx/0x9127bf8e1b5fa18fea1b7d8ca77239509591f7c3ce2c6614538b74a38a479a4a,0x9127bf8e1b5fa18fea1b7d8ca77239509591f7c3ce2c6614538b74a38a479a4a,true
,119,https://twitter.com/food0xlenster,0xC64e217d28672923ac2C4d6aa34F3fF96977c340,,https://polygonscan.com/tx/0x9127bf8e1b5fa18fea1b7d8ca77239509591f7c3ce2c6614538b74a38a479a4a,0x9127bf8e1b5fa18fea1b7d8ca77239509591f7c3ce2c6614538b74a38a479a4a,true
,120,https://twitter.com/horjifdan,0xE5d0fd23169ce56D2430C0639Ad5ae3E871a4fF7,,https://polygonscan.com/tx/0x9127bf8e1b5fa18fea1b7d8ca77239509591f7c3ce2c6614538b74a38a479a4a,0x9127bf8e1b5fa18fea1b7d8ca77239509591f7c3ce2c6614538b74a38a479a4a,true
,121,https://twitter.com/fevery_,0xB4DdE601f40DB20892129d4558FbfA7219f46E98,,https://polygonscan.com/tx/0x9127bf8e1b5fa18fea1b7d8ca77239509591f7c3ce2c6614538b74a38a479a4a,0x9127bf8e1b5fa18fea1b7d8ca77239509591f7c3ce2c6614538b74a38a479a4a,true
,122,https://twitter.com/RivaldiWibiksa3,0x6A2071E6a3b54eCf5CCa547643716F247912dbC5,,https://polygonscan.com/tx/0x9127bf8e1b5fa18fea1b7d8ca77239509591f7c3ce2c6614538b74a38a479a4a,0x9127bf8e1b5fa18fea1b7d8ca77239509591f7c3ce2c6614538b74a38a479a4a,true
,123,https://twitter.com/pyper442,0x01E7a1f65A1eE73917DD75Feaa45B235bA6c1Ca0,,https://polygonscan.com/tx/0x9127bf8e1b5fa18fea1b7d8ca77239509591f7c3ce2c6614538b74a38a479a4a,0x9127bf8e1b5fa18fea1b7d8ca77239509591f7c3ce2c6614538b74a38a479a4a,true
,124,https://twitter.com/baharria194,0x3591CbdA339d2Fbf13C385E903f43cc0c3940bAD,,https://polygonscan.com/tx/0x9127bf8e1b5fa18fea1b7d8ca77239509591f7c3ce2c6614538b74a38a479a4a,0x9127bf8e1b5fa18fea1b7d8ca77239509591f7c3ce2c6614538b74a38a479a4a,true
,125,https://twitter.com/Angelicaviona78,0xf6733DF46481D4533A5f50cfcAa516588D5815E0,,https://polygonscan.com/tx/0x9127bf8e1b5fa18fea1b7d8ca77239509591f7c3ce2c6614538b74a38a479a4a,0x9127bf8e1b5fa18fea1b7d8ca77239509591f7c3ce2c6614538b74a38a479a4a,true
,126,https://twitter.com/Keizym1,0x0B1C1756FD1B3Cca7dABD1b6E4Aaf81155B985AE,,https://polygonscan.com/tx/0x9127bf8e1b5fa18fea1b7d8ca77239509591f7c3ce2c6614538b74a38a479a4a,0x9127bf8e1b5fa18fea1b7d8ca77239509591f7c3ce2c6614538b74a38a479a4a,true
,127,https://twitter.com/sintenesia,0x3e463bD5334441236bA0D357E58DBa4Bd4196513,,https://polygonscan.com/tx/0x9127bf8e1b5fa18fea1b7d8ca77239509591f7c3ce2c6614538b74a38a479a4a,0x9127bf8e1b5fa18fea1b7d8ca77239509591f7c3ce2c6614538b74a38a479a4a,true
,128,https://twitter.com/Amarjee47315986,0xC73D81e9112Ea01cC2EEC4191e8A53EaB974cBc4,,https://polygonscan.com/tx/0x9127bf8e1b5fa18fea1b7d8ca77239509591f7c3ce2c6614538b74a38a479a4a,0x9127bf8e1b5fa18fea1b7d8ca77239509591f7c3ce2c6614538b74a38a479a4a,true
,129,https://twitter.com/UzumakiCrypto,0x7A622763cd8439D32D414A03D7F26e780de67E71,,https://polygonscan.com/tx/0x9127bf8e1b5fa18fea1b7d8ca77239509591f7c3ce2c6614538b74a38a479a4a,0x9127bf8e1b5fa18fea1b7d8ca77239509591f7c3ce2c6614538b74a38a479a4a,true
,130,https://twitter.com/mochfadhil510,0x56173b180feBabc82bD485187FA08E26E4056606,Uzumaki Crypto GM,https://polygonscan.com/tx/0x9127bf8e1b5fa18fea1b7d8ca77239509591f7c3ce2c6614538b74a38a479a4a,0x9127bf8e1b5fa18fea1b7d8ca77239509591f7c3ce2c6614538b74a38a479a4a,true
,131,https://twitter.com/ZkPey,0x453eadf472eba3177458a6720c28ac1f46713772,,https://polygonscan.com/tx/0x9127bf8e1b5fa18fea1b7d8ca77239509591f7c3ce2c6614538b74a38a479a4a,0x9127bf8e1b5fa18fea1b7d8ca77239509591f7c3ce2c6614538b74a38a479a4a,true
,132,https://twitter.com/buhancuk87,0x860d34E04e8fbAcDebf2bBa7bD02b8B1A26FE413,,https://polygonscan.com/tx/0x9127bf8e1b5fa18fea1b7d8ca77239509591f7c3ce2c6614538b74a38a479a4a,0x9127bf8e1b5fa18fea1b7d8ca77239509591f7c3ce2c6614538b74a38a479a4a,true
,133,https://twitter.com/0xRaffand,0xa45Fb9ce04DC835ccB1157C0F61791c2126f44ce,,https://polygonscan.com/tx/0x9127bf8e1b5fa18fea1b7d8ca77239509591f7c3ce2c6614538b74a38a479a4a,0x9127bf8e1b5fa18fea1b7d8ca77239509591f7c3ce2c6614538b74a38a479a4a,true
,134,https://twitter.com/Kartina94751037,0x48A2C204F2566c3711AcCA0aDe2d001897b60196,,https://polygonscan.com/tx/0x9127bf8e1b5fa18fea1b7d8ca77239509591f7c3ce2c6614538b74a38a479a4a,0x9127bf8e1b5fa18fea1b7d8ca77239509591f7c3ce2c6614538b74a38a479a4a,true
,135,https://twitter.com/AbdulRa69216291,0x5AcAD501C379D3716BeAA94bC56F3b72D97b9099,,https://polygonscan.com/tx/0x9127bf8e1b5fa18fea1b7d8ca77239509591f7c3ce2c6614538b74a38a479a4a,0x9127bf8e1b5fa18fea1b7d8ca77239509591f7c3ce2c6614538b74a38a479a4a,true
,136,https://twitter.com/Arqiarb,0x81ADc999785B99AFA57C053Cc1720fBA353cff8d,,https://polygonscan.com/tx/0x9127bf8e1b5fa18fea1b7d8ca77239509591f7c3ce2c6614538b74a38a479a4a,0x9127bf8e1b5fa18fea1b7d8ca77239509591f7c3ce2c6614538b74a38a479a4a,true
,137,https://twitter.com/MismaPuspa,0xE34551699fd168D6a0aDcE26B7A245a815ecC0B4,,https://polygonscan.com/tx/0x9127bf8e1b5fa18fea1b7d8ca77239509591f7c3ce2c6614538b74a38a479a4a,0x9127bf8e1b5fa18fea1b7d8ca77239509591f7c3ce2c6614538b74a38a479a4a,true
,138,https://twitter.com/If01744294F,0x0aD7A1F0D6422C3d105a653B8B834e63e1Dc4523,,https://polygonscan.com/tx/0x9127bf8e1b5fa18fea1b7d8ca77239509591f7c3ce2c6614538b74a38a479a4a,0x9127bf8e1b5fa18fea1b7d8ca77239509591f7c3ce2c6614538b74a38a479a4a,true
,139,https://twitter.com/AAhmadsuparman,0x00000C24Cc5D32B220ac9B860CCAA4d2A68f318C,,https://polygonscan.com/tx/0x9127bf8e1b5fa18fea1b7d8ca77239509591f7c3ce2c6614538b74a38a479a4a,0x9127bf8e1b5fa18fea1b7d8ca77239509591f7c3ce2c6614538b74a38a479a4a,true
,140,https://twitter.com/olivermeguere18,0xc973a698B0309f687CaeAd74E39AfB0F6e8E6fa0,,https://polygonscan.com/tx/0x9127bf8e1b5fa18fea1b7d8ca77239509591f7c3ce2c6614538b74a38a479a4a,0x9127bf8e1b5fa18fea1b7d8ca77239509591f7c3ce2c6614538b74a38a479a4a,true
,141,https://twitter.com/Tewe51431577,0x1524b05155311D1387a88C66E76bf2fDEa4eC2F4,,https://polygonscan.com/tx/0x9127bf8e1b5fa18fea1b7d8ca77239509591f7c3ce2c6614538b74a38a479a4a,0x9127bf8e1b5fa18fea1b7d8ca77239509591f7c3ce2c6614538b74a38a479a4a,true
,142,https://twitter.com/inetasya12,0x14FF77f18993e3D167103cd5D3cF7F069726250d,,https://polygonscan.com/tx/0x9127bf8e1b5fa18fea1b7d8ca77239509591f7c3ce2c6614538b74a38a479a4a,0x9127bf8e1b5fa18fea1b7d8ca77239509591f7c3ce2c6614538b74a38a479a4a,true
,143,https://twitter.com/Rennsii,0xc8d0c1EbCaCD1f65D7613bF9B82634cC00583e13,,https://polygonscan.com/tx/0x9127bf8e1b5fa18fea1b7d8ca77239509591f7c3ce2c6614538b74a38a479a4a,0x9127bf8e1b5fa18fea1b7d8ca77239509591f7c3ce2c6614538b74a38a479a4a,true
,144,https://twitter.com/blunblun2,0x261c5e71eE22463b9926ac2d41a2A13aA64c3E4C,,https://polygonscan.com/tx/0x9127bf8e1b5fa18fea1b7d8ca77239509591f7c3ce2c6614538b74a38a479a4a,0x9127bf8e1b5fa18fea1b7d8ca77239509591f7c3ce2c6614538b74a38a479a4a,true
,145,https://twitter.com/alvinnurfirdaus,0xd19c523a71c6E0947B9504a16CE904C2A638Ba0F,,https://polygonscan.com/tx/0x9127bf8e1b5fa18fea1b7d8ca77239509591f7c3ce2c6614538b74a38a479a4a,0x9127bf8e1b5fa18fea1b7d8ca77239509591f7c3ce2c6614538b74a38a479a4a,true
,146,https://twitter.com/DanielleWe95624,0x717674e08CC056B1F5890419C6aD1f6a374A5F49,,https://polygonscan.com/tx/0x9127bf8e1b5fa18fea1b7d8ca77239509591f7c3ce2c6614538b74a38a479a4a,0x9127bf8e1b5fa18fea1b7d8ca77239509591f7c3ce2c6614538b74a38a479a4a,true
,147,https://twitter.com/qhieparcok,0x39DD0C2Ca8Bbf59Cc542B448FfE61db94894Bc03,,https://polygonscan.com/tx/0x9127bf8e1b5fa18fea1b7d8ca77239509591f7c3ce2c6614538b74a38a479a4a,0x9127bf8e1b5fa18fea1b7d8ca77239509591f7c3ce2c6614538b74a38a479a4a,true
,148,https://twitter.com/Fani32851771,0xAF9e3B630D27A0a38920cE51032B8f484E96faD1,,https://polygonscan.com/tx/0x9127bf8e1b5fa18fea1b7d8ca77239509591f7c3ce2c6614538b74a38a479a4a,0x9127bf8e1b5fa18fea1b7d8ca77239509591f7c3ce2c6614538b74a38a479a4a,true
,149,https://twitter.com/b3ngskuy,0xE074AD4bFe4D3397FdbC18D823942b826F820087,,https://polygonscan.com/tx/0x9127bf8e1b5fa18fea1b7d8ca77239509591f7c3ce2c6614538b74a38a479a4a,0x9127bf8e1b5fa18fea1b7d8ca77239509591f7c3ce2c6614538b74a38a479a4a,true
,150,https://twitter.com/Zio942,0x49234e194277Fc36189833Ba994d4eb3B7E56BFd,,https://polygonscan.com/tx/0x9127bf8e1b5fa18fea1b7d8ca77239509591f7c3ce2c6614538b74a38a479a4a,0x9127bf8e1b5fa18fea1b7d8ca77239509591f7c3ce2c6614538b74a38a479a4a,true
,151,https://twitter.com/Hilmanzaki4,0x50B440B77D86892296c306919aca72b55FD7f4a4,,https://polygonscan.com/tx/0x9127bf8e1b5fa18fea1b7d8ca77239509591f7c3ce2c6614538b74a38a479a4a,0x9127bf8e1b5fa18fea1b7d8ca77239509591f7c3ce2c6614538b74a38a479a4a,true
,152,https://twitter.com/wongribut,0x65ba21009bff014892ae4c03d0a9e3d3e8a278ce,,https://polygonscan.com/tx/0x9127bf8e1b5fa18fea1b7d8ca77239509591f7c3ce2c6614538b74a38a479a4a,0x9127bf8e1b5fa18fea1b7d8ca77239509591f7c3ce2c6614538b74a38a479a4a,true
,153,https://twitter.com/Chamdan141,0x129c444AEFB99C8AEB9667090842db890725943f,,https://polygonscan.com/tx/0x9127bf8e1b5fa18fea1b7d8ca77239509591f7c3ce2c6614538b74a38a479a4a,0x9127bf8e1b5fa18fea1b7d8ca77239509591f7c3ce2c6614538b74a38a479a4a,true
,154,https://twitter.com/IsaiahR92459422,0x71db3Fab431B87eff103722ec8A5409B0a9F2aDD,,https://polygonscan.com/tx/0x9127bf8e1b5fa18fea1b7d8ca77239509591f7c3ce2c6614538b74a38a479a4a,0x9127bf8e1b5fa18fea1b7d8ca77239509591f7c3ce2c6614538b74a38a479a4a,true
,155,https://twitter.com/defatbead,0x5E92eEB2b1C40DB4e4d7F53AaD675547E3A79011,,https://polygonscan.com/tx/0x9127bf8e1b5fa18fea1b7d8ca77239509591f7c3ce2c6614538b74a38a479a4a,0x9127bf8e1b5fa18fea1b7d8ca77239509591f7c3ce2c6614538b74a38a479a4a,true
,156,https://twitter.com/Andians29079105,0xdc57397FF8507f9c0367CbbCe5EE17e3c318113b,,https://polygonscan.com/tx/0x9127bf8e1b5fa18fea1b7d8ca77239509591f7c3ce2c6614538b74a38a479a4a,0x9127bf8e1b5fa18fea1b7d8ca77239509591f7c3ce2c6614538b74a38a479a4a,true
,157,https://twitter.com/bayftfaa,0xa3cc18ffb16e6286aaaf39149c96390abe0b05db,,https://polygonscan.com/tx/0x9127bf8e1b5fa18fea1b7d8ca77239509591f7c3ce2c6614538b74a38a479a4a,0x9127bf8e1b5fa18fea1b7d8ca77239509591f7c3ce2c6614538b74a38a479a4a,true
,158,https://twitter.com/Astrokingsss,0x11a26f78679179fa344e263c62531b3831ea7d89,,https://polygonscan.com/tx/0x9127bf8e1b5fa18fea1b7d8ca77239509591f7c3ce2c6614538b74a38a479a4a,0x9127bf8e1b5fa18fea1b7d8ca77239509591f7c3ce2c6614538b74a38a479a4a,true
,159,https://twitter.com/Baronjol22,0x346a7df98a8bc7c11c398057a60af2b291425085,,https://polygonscan.com/tx/0x9127bf8e1b5fa18fea1b7d8ca77239509591f7c3ce2c6614538b74a38a479a4a,0x9127bf8e1b5fa18fea1b7d8ca77239509591f7c3ce2c6614538b74a38a479a4a,true
,160,https://twitter.com/Ceby_,0x33Db461ece7587492C58EA2AC9e2707E809dAdb8,,https://polygonscan.com/tx/0x9127bf8e1b5fa18fea1b7d8ca77239509591f7c3ce2c6614538b74a38a479a4a,0x9127bf8e1b5fa18fea1b7d8ca77239509591f7c3ce2c6614538b74a38a479a4a,true
,161,https://twitter.com/olik9787,0x4a0f4801EDDB825d712f33D6E8121739Ab646B5F,,https://polygonscan.com/tx/0x9127bf8e1b5fa18fea1b7d8ca77239509591f7c3ce2c6614538b74a38a479a4a,0x9127bf8e1b5fa18fea1b7d8ca77239509591f7c3ce2c6614538b74a38a479a4a,true
,162,https://twitter.com/Farhanxin141,0xB630c62b486bb801976a26FA523Dcc9Eb862cfc4,,https://polygonscan.com/tx/0x9127bf8e1b5fa18fea1b7d8ca77239509591f7c3ce2c6614538b74a38a479a4a,0x9127bf8e1b5fa18fea1b7d8ca77239509591f7c3ce2c6614538b74a38a479a4a,true
,163,https://twitter.com/MuthoharDono,0x79e61feab07f4decca3b5302108f9aec6ecd8ca4,,https://polygonscan.com/tx/0x9127bf8e1b5fa18fea1b7d8ca77239509591f7c3ce2c6614538b74a38a479a4a,0x9127bf8e1b5fa18fea1b7d8ca77239509591f7c3ce2c6614538b74a38a479a4a,true
,164,https://twitter.com/xbay2141,0xf647D0751B4410ECfEbb967294d9E04261173F5f,,https://polygonscan.com/tx/0x9127bf8e1b5fa18fea1b7d8ca77239509591f7c3ce2c6614538b74a38a479a4a,0x9127bf8e1b5fa18fea1b7d8ca77239509591f7c3ce2c6614538b74a38a479a4a,true
,165,https://twitter.com/al060321,0x7c21aE57745387D64164be25f0536a174aEe6421,,https://polygonscan.com/tx/0x9127bf8e1b5fa18fea1b7d8ca77239509591f7c3ce2c6614538b74a38a479a4a,0x9127bf8e1b5fa18fea1b7d8ca77239509591f7c3ce2c6614538b74a38a479a4a,true
,166,https://twitter.com/bengbenk31,0x918f01996B950b2a25dE9cdD06718a6E4cf44670,,https://polygonscan.com/tx/0x9127bf8e1b5fa18fea1b7d8ca77239509591f7c3ce2c6614538b74a38a479a4a,0x9127bf8e1b5fa18fea1b7d8ca77239509591f7c3ce2c6614538b74a38a479a4a,true
,167,https://twitter.com/priyohoho2,0x27f017Ec13241cb4142a2631e8d697CAFC2e6bb6,,https://polygonscan.com/tx/0x9127bf8e1b5fa18fea1b7d8ca77239509591f7c3ce2c6614538b74a38a479a4a,0x9127bf8e1b5fa18fea1b7d8ca77239509591f7c3ce2c6614538b74a38a479a4a,true
,168,https://twitter.com/mhmdyvsvf,0xC844E8585520C96fA3767a725cFe93eFF7097e7f,,https://polygonscan.com/tx/0x9127bf8e1b5fa18fea1b7d8ca77239509591f7c3ce2c6614538b74a38a479a4a,0x9127bf8e1b5fa18fea1b7d8ca77239509591f7c3ce2c6614538b74a38a479a4a,true
,169,https://twitter.com/SourSamCat,0xf06cB63e76bBD4d8ae53130D4Db589D2f527F406,,https://polygonscan.com/tx/0x9127bf8e1b5fa18fea1b7d8ca77239509591f7c3ce2c6614538b74a38a479a4a,0x9127bf8e1b5fa18fea1b7d8ca77239509591f7c3ce2c6614538b74a38a479a4a,true
,170,https://twitter.com/almsyh11,0xf18EE97B10397F720ebF86AaA69be59256AAcb07,,https://polygonscan.com/tx/0x9127bf8e1b5fa18fea1b7d8ca77239509591f7c3ce2c6614538b74a38a479a4a,0x9127bf8e1b5fa18fea1b7d8ca77239509591f7c3ce2c6614538b74a38a479a4a,true
,171,https://twitter.com/Bepeeeee,0x05d8B19D4825409B335613E88aa1db194006eC4C,,https://polygonscan.com/tx/0x9127bf8e1b5fa18fea1b7d8ca77239509591f7c3ce2c6614538b74a38a479a4a,0x9127bf8e1b5fa18fea1b7d8ca77239509591f7c3ce2c6614538b74a38a479a4a,true
,172,https://twitter.com/groudxz,0x61058bAee13067E283FF91c80758CdC5706f04Bb,,https://polygonscan.com/tx/0x9127bf8e1b5fa18fea1b7d8ca77239509591f7c3ce2c6614538b74a38a479a4a,0x9127bf8e1b5fa18fea1b7d8ca77239509591f7c3ce2c6614538b74a38a479a4a,true
,173,https://twitter.com/Kaiizsn,0x0e614442985bdc0efe6962e60d4ff44dd6229f12,,https://polygonscan.com/tx/0x9127bf8e1b5fa18fea1b7d8ca77239509591f7c3ce2c6614538b74a38a479a4a,0x9127bf8e1b5fa18fea1b7d8ca77239509591f7c3ce2c6614538b74a38a479a4a,true
,174,https://twitter.com/0x00Win,0x154d5b6CE90e6b571C5f44eEb719e6Fa0F38dB49,,https://polygonscan.com/tx/0x9127bf8e1b5fa18fea1b7d8ca77239509591f7c3ce2c6614538b74a38a479a4a,0x9127bf8e1b5fa18fea1b7d8ca77239509591f7c3ce2c6614538b74a38a479a4a,true
,175,https://twitter.com/kangmabok34,0x6965cf24d9a7dda7c17620c2931dbf76254c395c,,https://polygonscan.com/tx/0x9127bf8e1b5fa18fea1b7d8ca77239509591f7c3ce2c6614538b74a38a479a4a,0x9127bf8e1b5fa18fea1b7d8ca77239509591f7c3ce2c6614538b74a38a479a4a,true
,176,https://twitter.com/Agustar62,0xEB50C1681FcD7561b6e01DE7Ebf27eF8226671E4,,https://polygonscan.com/tx/0x9127bf8e1b5fa18fea1b7d8ca77239509591f7c3ce2c6614538b74a38a479a4a,0x9127bf8e1b5fa18fea1b7d8ca77239509591f7c3ce2c6614538b74a38a479a4a,true
,177,https://twitter.com/yeasinofficial7,0x7a6725645a1c850584C7FC2651Fdcbed1521e258,,https://polygonscan.com/tx/0x9127bf8e1b5fa18fea1b7d8ca77239509591f7c3ce2c6614538b74a38a479a4a,0x9127bf8e1b5fa18fea1b7d8ca77239509591f7c3ce2c6614538b74a38a479a4a,true
,178,https://twitter.com/esazazxdwwef,0x3ca876f1b927fa922cec0143f3262286ceca1dc3,,https://polygonscan.com/tx/0x9127bf8e1b5fa18fea1b7d8ca77239509591f7c3ce2c6614538b74a38a479a4a,0x9127bf8e1b5fa18fea1b7d8ca77239509591f7c3ce2c6614538b74a38a479a4a,true
,179,https://twitter.com/Anon2eroes,0x666fe863bb5f4a4a737afc04dae63852b067b529,,https://polygonscan.com/tx/0x9127bf8e1b5fa18fea1b7d8ca77239509591f7c3ce2c6614538b74a38a479a4a,0x9127bf8e1b5fa18fea1b7d8ca77239509591f7c3ce2c6614538b74a38a479a4a,true
,180,https://twitter.com/BrmSahid,0x1b91d8103301AA37F0FbE51755A956F6E1d6fF24,,https://polygonscan.com/tx/0x9127bf8e1b5fa18fea1b7d8ca77239509591f7c3ce2c6614538b74a38a479a4a,0x9127bf8e1b5fa18fea1b7d8ca77239509591f7c3ce2c6614538b74a38a479a4a,true
,181,https://twitter.com/meigi_saputra4,0x6363fBd03BDcd458B09f588BBdBa610a4FF5cd70,,https://polygonscan.com/tx/0x9127bf8e1b5fa18fea1b7d8ca77239509591f7c3ce2c6614538b74a38a479a4a,0x9127bf8e1b5fa18fea1b7d8ca77239509591f7c3ce2c6614538b74a38a479a4a,true
,182,https://twitter.com/PJimzon,0x4F0eA777B45AbD26Ec41781a360d7f17E775118c,,https://polygonscan.com/tx/0x9127bf8e1b5fa18fea1b7d8ca77239509591f7c3ce2c6614538b74a38a479a4a,0x9127bf8e1b5fa18fea1b7d8ca77239509591f7c3ce2c6614538b74a38a479a4a,true
,183,https://twitter.com/wonk1897,0x114e9935f73Ae7ed632bFe46A8E58971f1705aAd,,https://polygonscan.com/tx/0x9127bf8e1b5fa18fea1b7d8ca77239509591f7c3ce2c6614538b74a38a479a4a,0x9127bf8e1b5fa18fea1b7d8ca77239509591f7c3ce2c6614538b74a38a479a4a,true
,184,https://twitter.com/Romdonidonn,0x32e80B2f712a573806f471E9955421b42B17e22A,,https://polygonscan.com/tx/0x9127bf8e1b5fa18fea1b7d8ca77239509591f7c3ce2c6614538b74a38a479a4a,0x9127bf8e1b5fa18fea1b7d8ca77239509591f7c3ce2c6614538b74a38a479a4a,true
,185,https://twitter.com/Vonzy09,0xFc5d62C65d5Aa84916B5b0dFc23f362A970B10cE,,https://polygonscan.com/tx/0x9127bf8e1b5fa18fea1b7d8ca77239509591f7c3ce2c6614538b74a38a479a4a,0x9127bf8e1b5fa18fea1b7d8ca77239509591f7c3ce2c6614538b74a38a479a4a,true
,186,https://twitter.com/areskarma,0x0A3ACfdf65ffBf938a4e0B7DCcF2c4aB24921b01,,https://polygonscan.com/tx/0x9127bf8e1b5fa18fea1b7d8ca77239509591f7c3ce2c6614538b74a38a479a4a,0x9127bf8e1b5fa18fea1b7d8ca77239509591f7c3ce2c6614538b74a38a479a4a,true
,187,https://twitter.com/Alikazz4,0x9902C3A98Df4b240ad5496cC26F89bAb8058f4aE,,https://polygonscan.com/tx/0x9127bf8e1b5fa18fea1b7d8ca77239509591f7c3ce2c6614538b74a38a479a4a,0x9127bf8e1b5fa18fea1b7d8ca77239509591f7c3ce2c6614538b74a38a479a4a,true
,188,https://twitter.com/rixzrx,0xD9A46Bb67189dA569C2429b33eb221d985D9a343,,https://polygonscan.com/tx/0x9127bf8e1b5fa18fea1b7d8ca77239509591f7c3ce2c6614538b74a38a479a4a,0x9127bf8e1b5fa18fea1b7d8ca77239509591f7c3ce2c6614538b74a38a479a4a,true
,189,https://twitter.com/ch4r4nko,0x057304716f6Ea9ee9C5dE25D58BF6401bC68B9c3,,https://polygonscan.com/tx/0x9127bf8e1b5fa18fea1b7d8ca77239509591f7c3ce2c6614538b74a38a479a4a,0x9127bf8e1b5fa18fea1b7d8ca77239509591f7c3ce2c6614538b74a38a479a4a,true
,190,https://twitter.com/ZUANA56983020,0x8dd3d4c38debf4d066264fcedbe1d272235c2bac,,https://polygonscan.com/tx/0x9127bf8e1b5fa18fea1b7d8ca77239509591f7c3ce2c6614538b74a38a479a4a,0x9127bf8e1b5fa18fea1b7d8ca77239509591f7c3ce2c6614538b74a38a479a4a,true
,191,https://twitter.com/NguyennOyen,0x432d996B5c00eb27CF5e48e0292D3c1F4099AfaF,,https://polygonscan.com/tx/0x9127bf8e1b5fa18fea1b7d8ca77239509591f7c3ce2c6614538b74a38a479a4a,0x9127bf8e1b5fa18fea1b7d8ca77239509591f7c3ce2c6614538b74a38a479a4a,true
,192,https://twitter.com/Mikayla1897,0xCeeef857B50478Aa31245F0B58AB486F8193362F,,https://polygonscan.com/tx/0x9127bf8e1b5fa18fea1b7d8ca77239509591f7c3ce2c6614538b74a38a479a4a,0x9127bf8e1b5fa18fea1b7d8ca77239509591f7c3ce2c6614538b74a38a479a4a,true
,193,https://twitter.com/cuan_mylife,0xA56cFFfb4D33b84672CEED1f12FC7114Fe6118b1,,https://polygonscan.com/tx/0x9127bf8e1b5fa18fea1b7d8ca77239509591f7c3ce2c6614538b74a38a479a4a,0x9127bf8e1b5fa18fea1b7d8ca77239509591f7c3ce2c6614538b74a38a479a4a,true
,194,https://twitter.com/gloird88,0x0eDF3134aFA1bC2402c26d35c81d61B865339989,,https://polygonscan.com/tx/0x9127bf8e1b5fa18fea1b7d8ca77239509591f7c3ce2c6614538b74a38a479a4a,0x9127bf8e1b5fa18fea1b7d8ca77239509591f7c3ce2c6614538b74a38a479a4a,true
,195,https://twitter.com/AyikMhamank,0x6406f41C5AAaD793F4F1B170D740f18E078bed7F,,https://polygonscan.com/tx/0x9127bf8e1b5fa18fea1b7d8ca77239509591f7c3ce2c6614538b74a38a479a4a,0x9127bf8e1b5fa18fea1b7d8ca77239509591f7c3ce2c6614538b74a38a479a4a,true
,196,https://twitter.com/aest3323,0xa1C07Efa3F49e5A6c44AfF466f9F0Cebb5379cbc,,https://polygonscan.com/tx/0x9127bf8e1b5fa18fea1b7d8ca77239509591f7c3ce2c6614538b74a38a479a4a,0x9127bf8e1b5fa18fea1b7d8ca77239509591f7c3ce2c6614538b74a38a479a4a,true
,197,https://twitter.com/Mauultaq,0x7B648c6Dcea2E76F70cEdF82A26c6390A315D50d,,https://polygonscan.com/tx/0x9127bf8e1b5fa18fea1b7d8ca77239509591f7c3ce2c6614538b74a38a479a4a,0x9127bf8e1b5fa18fea1b7d8ca77239509591f7c3ce2c6614538b74a38a479a4a,true
,198,https://twitter.com/Hyper_Airdrop,0x1E0A940f66707E0e8F83d21A6d69B4E310a6E9d4,,https://polygonscan.com/tx/0x9127bf8e1b5fa18fea1b7d8ca77239509591f7c3ce2c6614538b74a38a479a4a,0x9127bf8e1b5fa18fea1b7d8ca77239509591f7c3ce2c6614538b74a38a479a4a,true
,199,https://twitter.com/Garus410,0x0C895BcD6c1ABaC2EA160f11C5c430C56D67e5Ce,,https://polygonscan.com/tx/0x9127bf8e1b5fa18fea1b7d8ca77239509591f7c3ce2c6614538b74a38a479a4a,0x9127bf8e1b5fa18fea1b7d8ca77239509591f7c3ce2c6614538b74a38a479a4a,true
,200,https://twitter.com/anapatrisno90,0xEf76b5F674b2CBD4749Bb4De3C011FEb59a48c8B,,https://polygonscan.com/tx/0x1a2a34806e830918f82fa413ac2cc373fac64bd6b5a4a7eb345143f5457f4c18,0x1a2a34806e830918f82fa413ac2cc373fac64bd6b5a4a7eb345143f5457f4c18,true
,201,https://twitter.com/lucianz88,0x252EE7Cc9853D1F3f17409368698d2c41FD32baC,,https://polygonscan.com/tx/0x1a2a34806e830918f82fa413ac2cc373fac64bd6b5a4a7eb345143f5457f4c18,0x1a2a34806e830918f82fa413ac2cc373fac64bd6b5a4a7eb345143f5457f4c18,true
,202,https://twitter.com/CopyShare3,0x15047B13D05F2b2F5871025e563CFA1304f27095,,https://polygonscan.com/tx/0x1a2a34806e830918f82fa413ac2cc373fac64bd6b5a4a7eb345143f5457f4c18,0x1a2a34806e830918f82fa413ac2cc373fac64bd6b5a4a7eb345143f5457f4c18,true
,203,https://twitter.com/Hanisakira88,0x67F7eda07c7440Ea8A43eac20D023A9b932eA77C,,https://polygonscan.com/tx/0x1a2a34806e830918f82fa413ac2cc373fac64bd6b5a4a7eb345143f5457f4c18,0x1a2a34806e830918f82fa413ac2cc373fac64bd6b5a4a7eb345143f5457f4c18,true
,204,https://twitter.com/XDanastain,0x1D0cFC78BC213696f3992C344Aa6E4d709333Ea3,,https://polygonscan.com/tx/0x1a2a34806e830918f82fa413ac2cc373fac64bd6b5a4a7eb345143f5457f4c18,0x1a2a34806e830918f82fa413ac2cc373fac64bd6b5a4a7eb345143f5457f4c18,true
,205,https://twitter.com/mrafa546,0x8836A16DB8DB1cBa0890F0eE97A9926cB47b4101,,https://polygonscan.com/tx/0x1a2a34806e830918f82fa413ac2cc373fac64bd6b5a4a7eb345143f5457f4c18,0x1a2a34806e830918f82fa413ac2cc373fac64bd6b5a4a7eb345143f5457f4c18,true
,206,https://twitter.com/HanzoPratama2,0xc82Dc3359DeB4eF07DB2FdD5638c963F4Fd6b9B7,,https://polygonscan.com/tx/0x1a2a34806e830918f82fa413ac2cc373fac64bd6b5a4a7eb345143f5457f4c18,0x1a2a34806e830918f82fa413ac2cc373fac64bd6b5a4a7eb345143f5457f4c18,true
,207,https://twitter.com/monk_roberto,0x3602715Ee71bA64CA214506D279025CDFdff3761,,https://polygonscan.com/tx/0x1a2a34806e830918f82fa413ac2cc373fac64bd6b5a4a7eb345143f5457f4c18,0x1a2a34806e830918f82fa413ac2cc373fac64bd6b5a4a7eb345143f5457f4c18,true
,208,https://twitter.com/barseltum,0x9428D933812145c45d6bEA306e4c831d18E702D9,,https://polygonscan.com/tx/0x1a2a34806e830918f82fa413ac2cc373fac64bd6b5a4a7eb345143f5457f4c18,0x1a2a34806e830918f82fa413ac2cc373fac64bd6b5a4a7eb345143f5457f4c18,true
,209,https://twitter.com/frongkow,0x0c8598606511978045AB04e393cEe7c51cCaB4E1,,https://polygonscan.com/tx/0x1a2a34806e830918f82fa413ac2cc373fac64bd6b5a4a7eb345143f5457f4c18,0x1a2a34806e830918f82fa413ac2cc373fac64bd6b5a4a7eb345143f5457f4c18,true
,210,https://twitter.com/Animelovers232,0x9E4a2c92f7f6AB162447717612b7C17F63c972F4,,https://polygonscan.com/tx/0x1a2a34806e830918f82fa413ac2cc373fac64bd6b5a4a7eb345143f5457f4c18,0x1a2a34806e830918f82fa413ac2cc373fac64bd6b5a4a7eb345143f5457f4c18,true
,211,https://twitter.com/asolole71065346,0x5dDc2C634954E7e1133aefF98e6c7e7B034E00D4,,https://polygonscan.com/tx/0x1a2a34806e830918f82fa413ac2cc373fac64bd6b5a4a7eb345143f5457f4c18,0x1a2a34806e830918f82fa413ac2cc373fac64bd6b5a4a7eb345143f5457f4c18,true
,212,https://twitter.com/TigaMaulana,0x98A4E7B14fE60cF136D91a48d3EfbFdEC1C64651,,https://polygonscan.com/tx/0x1a2a34806e830918f82fa413ac2cc373fac64bd6b5a4a7eb345143f5457f4c18,0x1a2a34806e830918f82fa413ac2cc373fac64bd6b5a4a7eb345143f5457f4c18,true
,213,https://twitter.com/rianxhaka1,0x0000f424127Cb399371eBeAdfc58da26048efE83,,https://polygonscan.com/tx/0x1a2a34806e830918f82fa413ac2cc373fac64bd6b5a4a7eb345143f5457f4c18,0x1a2a34806e830918f82fa413ac2cc373fac64bd6b5a4a7eb345143f5457f4c18,true
,214,https://twitter.com/Jonasalvador4,0x41E285A79abBeF6B6962163FC81e984409C95929,,https://polygonscan.com/tx/0x1a2a34806e830918f82fa413ac2cc373fac64bd6b5a4a7eb345143f5457f4c18,0x1a2a34806e830918f82fa413ac2cc373fac64bd6b5a4a7eb345143f5457f4c18,true
,215,https://twitter.com/Jaleesa58479436,0xE898ED30D9F65395493D7ecC0EDa06bC104b426F,,https://polygonscan.com/tx/0x1a2a34806e830918f82fa413ac2cc373fac64bd6b5a4a7eb345143f5457f4c18,0x1a2a34806e830918f82fa413ac2cc373fac64bd6b5a4a7eb345143f5457f4c18,true
,216,https://twitter.com/Daniell06994011,0x46E38c8f85BDD08648175496e5B108d4f71f8B8e,,https://polygonscan.com/tx/0x1a2a34806e830918f82fa413ac2cc373fac64bd6b5a4a7eb345143f5457f4c18,0x1a2a34806e830918f82fa413ac2cc373fac64bd6b5a4a7eb345143f5457f4c18,true
,217,https://twitter.com/ekopak271,0x4efA5Ac7521b8B79556f17FE7d6C65D340FcC17D,,https://polygonscan.com/tx/0x1a2a34806e830918f82fa413ac2cc373fac64bd6b5a4a7eb345143f5457f4c18,0x1a2a34806e830918f82fa413ac2cc373fac64bd6b5a4a7eb345143f5457f4c18,true
,218,https://twitter.com/vidurapara1,0x53908D966B3D7f22b839b02907bdAadf28272e39,,https://polygonscan.com/tx/0x1a2a34806e830918f82fa413ac2cc373fac64bd6b5a4a7eb345143f5457f4c18,0x1a2a34806e830918f82fa413ac2cc373fac64bd6b5a4a7eb345143f5457f4c18,true
,219,https://twitter.com/peddsa_art,0x4D28636Fe5615368f91D4c246c5601901220689E,,https://polygonscan.com/tx/0x1a2a34806e830918f82fa413ac2cc373fac64bd6b5a4a7eb345143f5457f4c18,0x1a2a34806e830918f82fa413ac2cc373fac64bd6b5a4a7eb345143f5457f4c18,true
,220,https://twitter.com/aidahney,0xB5B1b8b5aad7685fa74c3fE842D24451E1acF44F,,https://polygonscan.com/tx/0x1a2a34806e830918f82fa413ac2cc373fac64bd6b5a4a7eb345143f5457f4c18,0x1a2a34806e830918f82fa413ac2cc373fac64bd6b5a4a7eb345143f5457f4c18,true
,221,https://twitter.com/dian_syaput,0x4A1162F6FC92D886425aea63160B13EEd635DEFd,,https://polygonscan.com/tx/0x1a2a34806e830918f82fa413ac2cc373fac64bd6b5a4a7eb345143f5457f4c18,0x1a2a34806e830918f82fa413ac2cc373fac64bd6b5a4a7eb345143f5457f4c18,true
,222,https://twitter.com/WildanAfandi9,0x8629118a5bBe7B1D037f8Cf84F9669BAED7b26D4,,https://polygonscan.com/tx/0x1a2a34806e830918f82fa413ac2cc373fac64bd6b5a4a7eb345143f5457f4c18,0x1a2a34806e830918f82fa413ac2cc373fac64bd6b5a4a7eb345143f5457f4c18,true
,223,https://twitter.com/chelinesese,0x00eA1C7e34a9F52A60E6f98F94802FF4C7234920,,https://polygonscan.com/tx/0x1a2a34806e830918f82fa413ac2cc373fac64bd6b5a4a7eb345143f5457f4c18,0x1a2a34806e830918f82fa413ac2cc373fac64bd6b5a4a7eb345143f5457f4c18,true
,224,https://twitter.com/mechyko01,0x74612db470c030D6168cFDFDB9Bb4794a79157ec,,https://polygonscan.com/tx/0x1a2a34806e830918f82fa413ac2cc373fac64bd6b5a4a7eb345143f5457f4c18,0x1a2a34806e830918f82fa413ac2cc373fac64bd6b5a4a7eb345143f5457f4c18,true
,225,https://twitter.com/BriaBias599935,0xD1D1b359C1161c331958D6C079A1E38Cb60DFa2f,,https://polygonscan.com/tx/0x1a2a34806e830918f82fa413ac2cc373fac64bd6b5a4a7eb345143f5457f4c18,0x1a2a34806e830918f82fa413ac2cc373fac64bd6b5a4a7eb345143f5457f4c18,true
,226,https://twitter.com/Kulon6666,0x00B3BA1A64AFca71CbF9CfCFFa1c8947ECCd2eDa,,https://polygonscan.com/tx/0x1a2a34806e830918f82fa413ac2cc373fac64bd6b5a4a7eb345143f5457f4c18,0x1a2a34806e830918f82fa413ac2cc373fac64bd6b5a4a7eb345143f5457f4c18,true
,227,https://twitter.com/LaurieMoor45631,0xa1c0670f98F1332C99061E83C7f39d7F1fcd6201,,https://polygonscan.com/tx/0x1a2a34806e830918f82fa413ac2cc373fac64bd6b5a4a7eb345143f5457f4c18,0x1a2a34806e830918f82fa413ac2cc373fac64bd6b5a4a7eb345143f5457f4c18,true
,228,https://twitter.com/FebrySaput,0xf47Ec7c789b52a82F5Ca312244ddafd1A91EE55C,,https://polygonscan.com/tx/0x1a2a34806e830918f82fa413ac2cc373fac64bd6b5a4a7eb345143f5457f4c18,0x1a2a34806e830918f82fa413ac2cc373fac64bd6b5a4a7eb345143f5457f4c18,true
,229,https://twitter.com/ChanelMoor61925,0x6B64Ad57Ac29Eb61EB5c10d4dd13A738E5F3f497,,https://polygonscan.com/tx/0x1a2a34806e830918f82fa413ac2cc373fac64bd6b5a4a7eb345143f5457f4c18,0x1a2a34806e830918f82fa413ac2cc373fac64bd6b5a4a7eb345143f5457f4c18,true
,230,https://twitter.com/kuntuljp2,0xCE2A8E9dcEBFd6aed17FaAC7FE9A00ff7Bd1a826,,https://polygonscan.com/tx/0x1a2a34806e830918f82fa413ac2cc373fac64bd6b5a4a7eb345143f5457f4c18,0x1a2a34806e830918f82fa413ac2cc373fac64bd6b5a4a7eb345143f5457f4c18,true
,231,https://twitter.com/LZaihan77,0x0000920D51629432450EeBDA1831545E9E099559,,https://polygonscan.com/tx/0x1a2a34806e830918f82fa413ac2cc373fac64bd6b5a4a7eb345143f5457f4c18,0x1a2a34806e830918f82fa413ac2cc373fac64bd6b5a4a7eb345143f5457f4c18,true
,232,https://twitter.com/twipitaka,0x60BB6D8167F51ED25494889854A41c9Ba4c5589b,,https://polygonscan.com/tx/0x1a2a34806e830918f82fa413ac2cc373fac64bd6b5a4a7eb345143f5457f4c18,0x1a2a34806e830918f82fa413ac2cc373fac64bd6b5a4a7eb345143f5457f4c18,true
,233,https://twitter.com/Seman_Chamelo,0xCAb2dab0F8D499e87C5F48d3d10b6792F9C43674,,https://polygonscan.com/tx/0x1a2a34806e830918f82fa413ac2cc373fac64bd6b5a4a7eb345143f5457f4c18,0x1a2a34806e830918f82fa413ac2cc373fac64bd6b5a4a7eb345143f5457f4c18,true
,234,https://twitter.com/Nanang44111833,0x4896ba3eA90F449CFf10d4fa50F2863b0bC77089,,https://polygonscan.com/tx/0x1a2a34806e830918f82fa413ac2cc373fac64bd6b5a4a7eb345143f5457f4c18,0x1a2a34806e830918f82fa413ac2cc373fac64bd6b5a4a7eb345143f5457f4c18,true
,235,https://twitter.com/joko_w33,0x6a2Ad8d914b57E5E71580F73F00Fdbfc122F6F3C,,https://polygonscan.com/tx/0x1a2a34806e830918f82fa413ac2cc373fac64bd6b5a4a7eb345143f5457f4c18,0x1a2a34806e830918f82fa413ac2cc373fac64bd6b5a4a7eb345143f5457f4c18,true
,236,https://twitter.com/ikbale1998_,0xfa72fF4372dE43E550beF22ccb0A2853bD6b2F7C,,https://polygonscan.com/tx/0x1a2a34806e830918f82fa413ac2cc373fac64bd6b5a4a7eb345143f5457f4c18,0x1a2a34806e830918f82fa413ac2cc373fac64bd6b5a4a7eb345143f5457f4c18,true
,237,https://twitter.com/Brandcharles5,0x5a481dEF7106Bf426145b1f666b4F6e8C273A835,,https://polygonscan.com/tx/0x1a2a34806e830918f82fa413ac2cc373fac64bd6b5a4a7eb345143f5457f4c18,0x1a2a34806e830918f82fa413ac2cc373fac64bd6b5a4a7eb345143f5457f4c18,true
,238,https://twitter.com/DropCall10,0x8EA65B8C411797A036cdf924D8Ba55eF1058C503,,https://polygonscan.com/tx/0x1a2a34806e830918f82fa413ac2cc373fac64bd6b5a4a7eb345143f5457f4c18,0x1a2a34806e830918f82fa413ac2cc373fac64bd6b5a4a7eb345143f5457f4c18,true
,239,https://twitter.com/Miketry5,0xa3F70C0044EAB9F60f7FDa385AB078FE3FbabadD,,https://polygonscan.com/tx/0x1a2a34806e830918f82fa413ac2cc373fac64bd6b5a4a7eb345143f5457f4c18,0x1a2a34806e830918f82fa413ac2cc373fac64bd6b5a4a7eb345143f5457f4c18,true
,240,https://twitter.com/mfarid347,0x03825eb0114c33d188BE0cCd6D6A905E98a24Dd9,,https://polygonscan.com/tx/0x1a2a34806e830918f82fa413ac2cc373fac64bd6b5a4a7eb345143f5457f4c18,0x1a2a34806e830918f82fa413ac2cc373fac64bd6b5a4a7eb345143f5457f4c18,true
,241,https://twitter.com/raploye,0x90542aD17e71047b1ce68D031FFe8e36Be92E4c9,,https://polygonscan.com/tx/0x1a2a34806e830918f82fa413ac2cc373fac64bd6b5a4a7eb345143f5457f4c18,0x1a2a34806e830918f82fa413ac2cc373fac64bd6b5a4a7eb345143f5457f4c18,true
,242,https://twitter.com/EthZurix,0x0b5b0aebbd54bc0bd4e078465c3ba50716730a69,,https://polygonscan.com/tx/0x1a2a34806e830918f82fa413ac2cc373fac64bd6b5a4a7eb345143f5457f4c18,0x1a2a34806e830918f82fa413ac2cc373fac64bd6b5a4a7eb345143f5457f4c18,true
,243,https://twitter.com/ExComunicaddo,0x00000d5213c36c9529083B1c8C074BcE20421Af6,,https://polygonscan.com/tx/0x1a2a34806e830918f82fa413ac2cc373fac64bd6b5a4a7eb345143f5457f4c18,0x1a2a34806e830918f82fa413ac2cc373fac64bd6b5a4a7eb345143f5457f4c18,true
,244,https://twitter.com/Doowijaya,0xEa42412c0D80900025460b84Cb1660e3cFb626Ad,,https://polygonscan.com/tx/0x1a2a34806e830918f82fa413ac2cc373fac64bd6b5a4a7eb345143f5457f4c18,0x1a2a34806e830918f82fa413ac2cc373fac64bd6b5a4a7eb345143f5457f4c18,true
,245,https://twitter.com/RY2605MX,0x267bE54FA6a6b455C2934598c1d42e72b8C5924b,,https://polygonscan.com/tx/0x1a2a34806e830918f82fa413ac2cc373fac64bd6b5a4a7eb345143f5457f4c18,0x1a2a34806e830918f82fa413ac2cc373fac64bd6b5a4a7eb345143f5457f4c18,true
,246,https://twitter.com/thxforcigarette,0x8c33DBcfe8faaBb4301A446b8500A3C13d9F5Be3,,https://polygonscan.com/tx/0x1a2a34806e830918f82fa413ac2cc373fac64bd6b5a4a7eb345143f5457f4c18,0x1a2a34806e830918f82fa413ac2cc373fac64bd6b5a4a7eb345143f5457f4c18,true
,247,https://twitter.com/Basreng191,0x3e1129a0bc65CD1ea2b0800c1Fe4B57219672d46,,https://polygonscan.com/tx/0x1a2a34806e830918f82fa413ac2cc373fac64bd6b5a4a7eb345143f5457f4c18,0x1a2a34806e830918f82fa413ac2cc373fac64bd6b5a4a7eb345143f5457f4c18,true
,248,https://twitter.com/RPutonz,0x10a137a82dd0249adb3C4Ee62374f913C83E2908,,https://polygonscan.com/tx/0x1a2a34806e830918f82fa413ac2cc373fac64bd6b5a4a7eb345143f5457f4c18,0x1a2a34806e830918f82fa413ac2cc373fac64bd6b5a4a7eb345143f5457f4c18,true
,249,https://twitter.com/bangkitt18,0xDdcb02Cc44Ad70ED954b20E90A3Da1df6bE3a234,,https://polygonscan.com/tx/0x1a2a34806e830918f82fa413ac2cc373fac64bd6b5a4a7eb345143f5457f4c18,0x1a2a34806e830918f82fa413ac2cc373fac64bd6b5a4a7eb345143f5457f4c18,true
,250,https://twitter.com/jefriparna87,0x404491447e7bc5C338bf83bB31C154BB6005cC4f,,https://polygonscan.com/tx/0x1a2a34806e830918f82fa413ac2cc373fac64bd6b5a4a7eb345143f5457f4c18,0x1a2a34806e830918f82fa413ac2cc373fac64bd6b5a4a7eb345143f5457f4c18,true
,251,https://twitter.com/Prince99702566,0x494132Bd5C224B3Ef910D660D3Bf047693acFD5f,,https://polygonscan.com/tx/0x1a2a34806e830918f82fa413ac2cc373fac64bd6b5a4a7eb345143f5457f4c18,0x1a2a34806e830918f82fa413ac2cc373fac64bd6b5a4a7eb345143f5457f4c18,true
,252,https://twitter.com/Wakandafams,0x3F7eD86c3ddC4fF02076c858DeFE6Bba225c3a7B,,https://polygonscan.com/tx/0x1a2a34806e830918f82fa413ac2cc373fac64bd6b5a4a7eb345143f5457f4c18,0x1a2a34806e830918f82fa413ac2cc373fac64bd6b5a4a7eb345143f5457f4c18,true
,253,https://twitter.com/0xmid02,0x0a7803742aC7EeA60Bed445A2F1e0CD9c40F0123,,https://polygonscan.com/tx/0x1a2a34806e830918f82fa413ac2cc373fac64bd6b5a4a7eb345143f5457f4c18,0x1a2a34806e830918f82fa413ac2cc373fac64bd6b5a4a7eb345143f5457f4c18,true
,254,https://twitter.com/ercyborg,0x012113d558eFC2A7bC966b914EDFeD3A19bD62b9,,https://polygonscan.com/tx/0x1a2a34806e830918f82fa413ac2cc373fac64bd6b5a4a7eb345143f5457f4c18,0x1a2a34806e830918f82fa413ac2cc373fac64bd6b5a4a7eb345143f5457f4c18,true
,255,https://twitter.com/Zksus15,0x83418b40e8E11C8202055Fb941BDcE3df2cc1BdC,,https://polygonscan.com/tx/0x1a2a34806e830918f82fa413ac2cc373fac64bd6b5a4a7eb345143f5457f4c18,0x1a2a34806e830918f82fa413ac2cc373fac64bd6b5a4a7eb345143f5457f4c18,true
,256,https://twitter.com/DMumasih,0x34dd2d44b61fe9e1240904c30e5ecb9df9c55e16,,https://polygonscan.com/tx/0x1a2a34806e830918f82fa413ac2cc373fac64bd6b5a4a7eb345143f5457f4c18,0x1a2a34806e830918f82fa413ac2cc373fac64bd6b5a4a7eb345143f5457f4c18,true
,257,https://twitter.com/Cuan_yasa,0x04740c4e1401559183ced7Fdfb29EB4ED38A1165,,https://polygonscan.com/tx/0x1a2a34806e830918f82fa413ac2cc373fac64bd6b5a4a7eb345143f5457f4c18,0x1a2a34806e830918f82fa413ac2cc373fac64bd6b5a4a7eb345143f5457f4c18,true
,258,https://twitter.com/childpoks,0x12122Bc267cC9921b09C196479674D271541246f,,https://polygonscan.com/tx/0x1a2a34806e830918f82fa413ac2cc373fac64bd6b5a4a7eb345143f5457f4c18,0x1a2a34806e830918f82fa413ac2cc373fac64bd6b5a4a7eb345143f5457f4c18,true
,259,https://twitter.com/AhsanRamadan1,0xe16790423796b3E9A371cfa10547c6734271643D,,https://polygonscan.com/tx/0x1a2a34806e830918f82fa413ac2cc373fac64bd6b5a4a7eb345143f5457f4c18,0x1a2a34806e830918f82fa413ac2cc373fac64bd6b5a4a7eb345143f5457f4c18,true
,260,https://twitter.com/newbendettaa,0x0f42c47060BFfC2d495a71a30bB99396081e55e4,,https://polygonscan.com/tx/0x1a2a34806e830918f82fa413ac2cc373fac64bd6b5a4a7eb345143f5457f4c18,0x1a2a34806e830918f82fa413ac2cc373fac64bd6b5a4a7eb345143f5457f4c18,true
,261,https://twitter.com/pw5kali,0xb6F54E577d3897D20289A19ce6385b0FD7E3762c,,https://polygonscan.com/tx/0x1a2a34806e830918f82fa413ac2cc373fac64bd6b5a4a7eb345143f5457f4c18,0x1a2a34806e830918f82fa413ac2cc373fac64bd6b5a4a7eb345143f5457f4c18,true
,262,https://twitter.com/prengki_27,0x1cBF6C0Fa226fc5e95dAc44F44f4c6D434256860,,https://polygonscan.com/tx/0x1a2a34806e830918f82fa413ac2cc373fac64bd6b5a4a7eb345143f5457f4c18,0x1a2a34806e830918f82fa413ac2cc373fac64bd6b5a4a7eb345143f5457f4c18,true
,263,https://twitter.com/azizmanjang,0x885250525341Cd7f170CdCa0eA967bE03e5ABaF7,,https://polygonscan.com/tx/0x1a2a34806e830918f82fa413ac2cc373fac64bd6b5a4a7eb345143f5457f4c18,0x1a2a34806e830918f82fa413ac2cc373fac64bd6b5a4a7eb345143f5457f4c18,true
,264,https://twitter.com/freeman_gi40197,0xd05D25911331a987d09ed94d242991152E5632c7,,https://polygonscan.com/tx/0x1a2a34806e830918f82fa413ac2cc373fac64bd6b5a4a7eb345143f5457f4c18,0x1a2a34806e830918f82fa413ac2cc373fac64bd6b5a4a7eb345143f5457f4c18,true
https://twitter.com/enoch_app/status/1661835025774419992,265,https://twitter.com/ChadhaPokemon,0x802d4605Ef457A0B00802593240A5DC057D77b4e,,https://polygonscan.com/tx/0x1a2a34806e830918f82fa413ac2cc373fac64bd6b5a4a7eb345143f5457f4c18,0x1a2a34806e830918f82fa413ac2cc373fac64bd6b5a4a7eb345143f5457f4c18,true
,266,https://twitter.com/PrinceK96947938,0x8f4bBFD128B15d7Cc1E97F2D028D0CEeC5EE68c6,,https://polygonscan.com/tx/0x1a2a34806e830918f82fa413ac2cc373fac64bd6b5a4a7eb345143f5457f4c18,0x1a2a34806e830918f82fa413ac2cc373fac64bd6b5a4a7eb345143f5457f4c18,true
,267,https://twitter.com/ashu7983,0xF3F94D30A4f96b5d8953174386afF7B35c83c7B4,,https://polygonscan.com/tx/0x1a2a34806e830918f82fa413ac2cc373fac64bd6b5a4a7eb345143f5457f4c18,0x1a2a34806e830918f82fa413ac2cc373fac64bd6b5a4a7eb345143f5457f4c18,true
,268,https://twitter.com/Antiphee,0x068b3841d39afd65163d47c2ad1c950b00b8d854,,https://polygonscan.com/tx/0x1a2a34806e830918f82fa413ac2cc373fac64bd6b5a4a7eb345143f5457f4c18,0x1a2a34806e830918f82fa413ac2cc373fac64bd6b5a4a7eb345143f5457f4c18,true
,269,https://twitter.com/Inyang_jp,0x63D26501fbF950eDF4799EAB446EF34eA58c4560,,https://polygonscan.com/tx/0x1a2a34806e830918f82fa413ac2cc373fac64bd6b5a4a7eb345143f5457f4c18,0x1a2a34806e830918f82fa413ac2cc373fac64bd6b5a4a7eb345143f5457f4c18,true
,270,https://twitter.com/KhushiR36349072,0xC2975ca4745eC8d955D0931826e17352167113a2,,https://polygonscan.com/tx/0x1a2a34806e830918f82fa413ac2cc373fac64bd6b5a4a7eb345143f5457f4c18,0x1a2a34806e830918f82fa413ac2cc373fac64bd6b5a4a7eb345143f5457f4c18,true
,271,https://twitter.com/Gandhav_singh,0xbfde4e9bad40f7a26b7D218E3c889f4411B529f9,,https://polygonscan.com/tx/0x1a2a34806e830918f82fa413ac2cc373fac64bd6b5a4a7eb345143f5457f4c18,0x1a2a34806e830918f82fa413ac2cc373fac64bd6b5a4a7eb345143f5457f4c18,true
,272,https://twitter.com/Gaurmukul8,0x0633f2CEdDeB2db484dc0b1377adF7c47adAF2a0,,https://polygonscan.com/tx/0x1a2a34806e830918f82fa413ac2cc373fac64bd6b5a4a7eb345143f5457f4c18,0x1a2a34806e830918f82fa413ac2cc373fac64bd6b5a4a7eb345143f5457f4c18,true
,273,https://twitter.com/PankajK99884357,0x06fED0E98879c8BaD14DF6Da17a9aC5565a24eDb,,https://polygonscan.com/tx/0x1a2a34806e830918f82fa413ac2cc373fac64bd6b5a4a7eb345143f5457f4c18,0x1a2a34806e830918f82fa413ac2cc373fac64bd6b5a4a7eb345143f5457f4c18,true
,274,https://twitter.com/Faqurot,0xad29cfc8df304b71fdd3b04febd7781cb2600f51,,https://polygonscan.com/tx/0x1a2a34806e830918f82fa413ac2cc373fac64bd6b5a4a7eb345143f5457f4c18,0x1a2a34806e830918f82fa413ac2cc373fac64bd6b5a4a7eb345143f5457f4c18,true
,275,https://twitter.com/Vikram_bhati06,0x1Fc27e96f243EDf375C55B36557BB97E30de79E2,,https://polygonscan.com/tx/0x1a2a34806e830918f82fa413ac2cc373fac64bd6b5a4a7eb345143f5457f4c18,0x1a2a34806e830918f82fa413ac2cc373fac64bd6b5a4a7eb345143f5457f4c18,true
,276,https://twitter.com/BipulSaxena99,0x99b882D9cbeDE841ffdEbf4E374eCbC1bE7950ff,,https://polygonscan.com/tx/0x1a2a34806e830918f82fa413ac2cc373fac64bd6b5a4a7eb345143f5457f4c18,0x1a2a34806e830918f82fa413ac2cc373fac64bd6b5a4a7eb345143f5457f4c18,true
,277,https://twitter.com/Vipul82728,0x1CE186Dd23fd110B9b867083D569C75A4018985F,,https://polygonscan.com/tx/0x1a2a34806e830918f82fa413ac2cc373fac64bd6b5a4a7eb345143f5457f4c18,0x1a2a34806e830918f82fa413ac2cc373fac64bd6b5a4a7eb345143f5457f4c18,true
,278,https://twitter.com/Karan798366,0x421CD3adf4Aa2455991f24065f26D00DA63907b5,,https://polygonscan.com/tx/0x1a2a34806e830918f82fa413ac2cc373fac64bd6b5a4a7eb345143f5457f4c18,0x1a2a34806e830918f82fa413ac2cc373fac64bd6b5a4a7eb345143f5457f4c18,true
https://twitter.com/enoch_app/status/1663636400967696385,279,https://twitter.com/ArbitrumAngel,0x026fE952383a782c7a83c5B63b45015602B6088c,IMP,https://polygonscan.com/tx/0x1a2a34806e830918f82fa413ac2cc373fac64bd6b5a4a7eb345143f5457f4c18,0x1a2a34806e830918f82fa413ac2cc373fac64bd6b5a4a7eb345143f5457f4c18,true
,280,https://twitter.com/dbrdbs,0xa14edd80E2593E93f7673CB6416636759B16625e,,https://polygonscan.com/tx/0x1a2a34806e830918f82fa413ac2cc373fac64bd6b5a4a7eb345143f5457f4c18,0x1a2a34806e830918f82fa413ac2cc373fac64bd6b5a4a7eb345143f5457f4c18,true
,281,https://twitter.com/derryfajar4,0xceF41ab762A124218580dC6e40A3F73D47b6B81c,,https://polygonscan.com/tx/0x1a2a34806e830918f82fa413ac2cc373fac64bd6b5a4a7eb345143f5457f4c18,0x1a2a34806e830918f82fa413ac2cc373fac64bd6b5a4a7eb345143f5457f4c18,true
,282,https://twitter.com/satuduabinance,0x10A2EF9801Bf3558601D5b806332ECe754440A10,,https://polygonscan.com/tx/0x1a2a34806e830918f82fa413ac2cc373fac64bd6b5a4a7eb345143f5457f4c18,0x1a2a34806e830918f82fa413ac2cc373fac64bd6b5a4a7eb345143f5457f4c18,true
,283,https://twitter.com/skuymamang88,0xFe3F0eba21B40554F1accE498f2B57d1a53b907c,,https://polygonscan.com/tx/0x1a2a34806e830918f82fa413ac2cc373fac64bd6b5a4a7eb345143f5457f4c18,0x1a2a34806e830918f82fa413ac2cc373fac64bd6b5a4a7eb345143f5457f4c18,true
,284,https://twitter.com/iqbalabalaba,0x9374ee7C5B08EC91c25d1951c0c4f0e7A90C6c22,,https://polygonscan.com/tx/0x1a2a34806e830918f82fa413ac2cc373fac64bd6b5a4a7eb345143f5457f4c18,0x1a2a34806e830918f82fa413ac2cc373fac64bd6b5a4a7eb345143f5457f4c18,true
,285,https://twitter.com/bonjufaiz,0x98aFD9c1e3F68dccee038387032624cbD31997eF,,https://polygonscan.com/tx/0x1a2a34806e830918f82fa413ac2cc373fac64bd6b5a4a7eb345143f5457f4c18,0x1a2a34806e830918f82fa413ac2cc373fac64bd6b5a4a7eb345143f5457f4c18,true
,286,https://twitter.com/Fadang_19,0x8618bF94Bec99a82754589aa57AAAdf6c3C13666,,https://polygonscan.com/tx/0x1a2a34806e830918f82fa413ac2cc373fac64bd6b5a4a7eb345143f5457f4c18,0x1a2a34806e830918f82fa413ac2cc373fac64bd6b5a4a7eb345143f5457f4c18,true
,287,https://twitter.com/whit3brim,0x8293FEf23F5cd7a5e89FC9Bc4Dd98094B86E3Dd6,,https://polygonscan.com/tx/0x1a2a34806e830918f82fa413ac2cc373fac64bd6b5a4a7eb345143f5457f4c18,0x1a2a34806e830918f82fa413ac2cc373fac64bd6b5a4a7eb345143f5457f4c18,true
,288,https://twitter.com/MongooseAI,0xfAf3f913e22CCd8Afa57b63696B2334B1F1F411e,,https://polygonscan.com/tx/0x1a2a34806e830918f82fa413ac2cc373fac64bd6b5a4a7eb345143f5457f4c18,0x1a2a34806e830918f82fa413ac2cc373fac64bd6b5a4a7eb345143f5457f4c18,true
,289,https://twitter.com/yoloo9203,0x62fe329c66a6f74F24FEA2290cea0d348Ddd4441,,https://polygonscan.com/tx/0x1a2a34806e830918f82fa413ac2cc373fac64bd6b5a4a7eb345143f5457f4c18,0x1a2a34806e830918f82fa413ac2cc373fac64bd6b5a4a7eb345143f5457f4c18,true
,290,https://twitter.com/jiganyusii,0x8AB14aAAc5Eb2416E57c12795e9407Aaf300bF3F,,https://polygonscan.com/tx/0x1a2a34806e830918f82fa413ac2cc373fac64bd6b5a4a7eb345143f5457f4c18,0x1a2a34806e830918f82fa413ac2cc373fac64bd6b5a4a7eb345143f5457f4c18,true
,291,https://twitter.com/KiroSerda,0xd49D774fEDD77eDeED14b3A1De01EC3DBaf8dDBd,,https://polygonscan.com/tx/0x1a2a34806e830918f82fa413ac2cc373fac64bd6b5a4a7eb345143f5457f4c18,0x1a2a34806e830918f82fa413ac2cc373fac64bd6b5a4a7eb345143f5457f4c18,true
,292,https://twitter.com/avakellaa,0x495057073F7fEE1389256c25AC6c029298840d0d,,https://polygonscan.com/tx/0x1a2a34806e830918f82fa413ac2cc373fac64bd6b5a4a7eb345143f5457f4c18,0x1a2a34806e830918f82fa413ac2cc373fac64bd6b5a4a7eb345143f5457f4c18,true
,293,https://twitter.com/HiyaFati,0x9F59814dDEA5123bC7AC15A342FaDec411857C06,,https://polygonscan.com/tx/0x1a2a34806e830918f82fa413ac2cc373fac64bd6b5a4a7eb345143f5457f4c18,0x1a2a34806e830918f82fa413ac2cc373fac64bd6b5a4a7eb345143f5457f4c18,true
,294,https://twitter.com/akunramadhani98,0x7Da42ce05BCEDA845E35328C0106D713B4DE0645,,https://polygonscan.com/tx/0x1a2a34806e830918f82fa413ac2cc373fac64bd6b5a4a7eb345143f5457f4c18,0x1a2a34806e830918f82fa413ac2cc373fac64bd6b5a4a7eb345143f5457f4c18,true
,295,https://twitter.com/CengGip,0xf2dDEcA2C7A8200d41C0e63f25e0c8038a2C9e99,,https://polygonscan.com/tx/0x1a2a34806e830918f82fa413ac2cc373fac64bd6b5a4a7eb345143f5457f4c18,0x1a2a34806e830918f82fa413ac2cc373fac64bd6b5a4a7eb345143f5457f4c18,true
,296,https://twitter.com/Bayusobarnas28,0x99E5d6a10739A698B02a4595575A67423331ddFe,,https://polygonscan.com/tx/0x1a2a34806e830918f82fa413ac2cc373fac64bd6b5a4a7eb345143f5457f4c18,0x1a2a34806e830918f82fa413ac2cc373fac64bd6b5a4a7eb345143f5457f4c18,true
,297,https://twitter.com/Uminilah_10,0xb8D0538d5b6ffeBFAe6D77Be0a6a6C040433ACE8,,https://polygonscan.com/tx/0x1a2a34806e830918f82fa413ac2cc373fac64bd6b5a4a7eb345143f5457f4c18,0x1a2a34806e830918f82fa413ac2cc373fac64bd6b5a4a7eb345143f5457f4c18,true
,298,https://twitter.com/c_kapling,0x58542a2087D2B216A90a3Ba0dD18995Ab4934a7C,,https://polygonscan.com/tx/0x1a2a34806e830918f82fa413ac2cc373fac64bd6b5a4a7eb345143f5457f4c18,0x1a2a34806e830918f82fa413ac2cc373fac64bd6b5a4a7eb345143f5457f4c18,true
,299,https://twitter.com/Razak16061996,0x0c27F78f003579d2EE74685652C38E70EC0AABdd,,https://polygonscan.com/tx/0x1a2a34806e830918f82fa413ac2cc373fac64bd6b5a4a7eb345143f5457f4c18,0x1a2a34806e830918f82fa413ac2cc373fac64bd6b5a4a7eb345143f5457f4c18,true
,300,https://twitter.com/soulsoftheunded,0x6bb0520b68958924daD8745D7e1520f634a1fdDD,,https://polygonscan.com/tx/0x1a2a34806e830918f82fa413ac2cc373fac64bd6b5a4a7eb345143f5457f4c18,0x1a2a34806e830918f82fa413ac2cc373fac64bd6b5a4a7eb345143f5457f4c18,true
