{
    "name": "Enoch: Football Collection",
    "description": "The Enoch Football Collection is an exciting series of 3D collectible accessories designed to enhance your Enoch Avatars in the enoch.app. Customize your virtual identity with exclusive football merchandise like jersey sets, trophies, footballs, wristbands, and more. What's more, these custom avatars will have the potential to be ported to other metaverses, opening up a world of possibilities for showcasing your unique style and passion for football across different virtual environments.",
    "image": "https://frontnd-s3-enoch-dev.s3.eu-west-2.amazonaws.com/football_collection_profile.png",
    "external_link": "https://enoch.app",
    "banner_url":"https://frontnd-s3-enoch-dev.s3.eu-west-2.amazonaws.com/Notion_Banner.png",
    "background_url": "https://frontnd-s3-enoch-dev.s3.eu-west-2.amazonaws.com/Notion_Banner.png"
}